Ability One,Ability One Win %,Ability Two,Ability Two Win %,Sample Size,Combined Win %,Synergy Î”
Lucent Beam,48.71%,Eclipse,47.93%,19913,48.36%,0.04%
Kunkka,51.14%,Tidebringer,51.09%,18562,51.38%,0.26%
Shadow Fiend,56.53%,Requiem of Souls,53.04%,16634,56.22%,1.46%
Berserker's Call,53.41%,Counter Helix,53.38%,16360,57.88%,4.48%
Lightning Bolt,51.57%,Thundergod's Wrath,50.72%,15628,53.99%,2.84%
Axe,50.18%,Counter Helix,53.38%,14770,53.67%,1.92%
Axe,50.18%,Berserker's Call,53.41%,14426,54.51%,2.74%
Tidehunter,55.01%,Anchor Smash,50.37%,14381,56.17%,3.53%
Sacred Arrow,51.42%,Starstorm,49.25%,14047,51.93%,1.60%
Ancient Apparition,47.96%,Chilling Touch,47.85%,13511,48.93%,1.02%
Shadow Shaman,48.03%,Shackles,51.39%,13246,51.16%,1.48%
Drow Ranger,57.13%,Multishot,48.72%,13140,55.50%,2.74%
Juggernaut,49.72%,Omnislash,48.66%,12702,51.05%,1.87%
Earthshaker,51.61%,Aftershock,56.51%,12598,58.69%,4.69%
Zeus,48.39%,Lightning Bolt,51.57%,12425,53.19%,3.24%
Witch Doctor,49.43%,Death Ward,51.60%,12314,51.51%,1.01%
Lion,48.96%,Finger of Death,44.92%,12172,44.54%,-2.36%
Shadow Fiend,56.53%,Presence of the Dark Lord,54.28%,12102,62.55%,7.16%
Aftershock,56.51%,Echo Slam,49.54%,12010,55.78%,2.87%
Pudge,50.10%,Rot,51.45%,12001,52.59%,1.81%
Necrophos,46.34%,Death Pulse,48.01%,11855,46.83%,-0.34%
Slardar,50.88%,Slithereen Crush,50.71%,11672,53.36%,2.56%
Primal Beast,51.92%,Trample,49.82%,11654,52.86%,2.00%
Axe,50.18%,Culling Blade,46.70%,11448,48.17%,-0.23%
Lina,51.60%,Dragon Slave,46.39%,11319,49.70%,0.78%
Ether Shock,47.99%,Shackles,51.39%,11287,50.39%,0.72%
Mana Break,47.41%,Mana Void,46.12%,11173,46.42%,-0.35%
Storm Spirit,48.55%,Ball Lightning,51.99%,11167,52.55%,2.31%
Bristleback,47.59%,Quill Spray,46.63%,11093,46.23%,-0.88%
Sniper,56.91%,Headshot,48.53%,11030,58.29%,5.73%
Doppelganger,54.16%,Juxtapose,52.78%,10914,58.15%,4.69%
Riki,47.23%,Tricks of the Trade,46.06%,10853,45.44%,-1.19%
Drow Ranger,57.13%,Marksmanship,47.46%,10828,57.05%,4.98%
Lion,48.96%,Earth Spike,55.66%,10756,56.41%,4.20%
Primal Beast,51.92%,Uproar,53.10%,10747,54.42%,1.91%
Silencer,48.84%,Arcane Curse,50.71%,10709,51.22%,1.45%
Tinker,48.46%,Rearm,44.57%,10446,45.10%,-1.38%
Alchemist,48.36%,Acid Spray,48.95%,10424,48.49%,-0.16%
Batrider,53.71%,Sticky Napalm,47.00%,10406,52.02%,1.78%
Clockwerk,50.68%,Battery Assault,50.94%,10364,52.25%,1.44%
Warlock,51.50%,Chaotic Offering,54.07%,10350,56.91%,4.14%
Luna,56.61%,Moon Glaives,54.22%,10347,62.66%,7.25%
Dazzle,48.66%,Poison Touch,47.14%,10339,48.66%,0.77%
Lich,49.83%,Chain Frost,53.32%,10267,54.08%,2.53%
Overload,48.02%,Ball Lightning,51.99%,10187,52.36%,2.39%
Gyrocopter,53.75%,Flak Cannon,54.17%,10168,58.72%,4.76%
Zeus,48.39%,Thundergod's Wrath,50.72%,10144,53.00%,3.45%
Enigma,47.56%,Black Hole,51.41%,10144,50.43%,0.99%
Enchantress,50.78%,Impetus,48.47%,10081,49.88%,0.26%
Centaur Warrunner,53.01%,Double Edge,49.67%,10079,51.93%,0.62%
Rocket Barrage,50.09%,Homing Missile,51.14%,10073,52.04%,1.43%
Warlock,51.50%,Fatal Bonds,48.93%,9971,51.66%,1.46%
Earthshock,49.49%,Enrage,51.08%,9928,50.30%,0.03%
Sand King,45.39%,Burrowstrike,51.88%,9919,48.20%,-0.32%
Phantom Rush,48.28%,Juxtapose,52.78%,9867,51.78%,1.30%
Vengeful Spirit,48.54%,Wave of Terror,49.08%,9749,49.12%,0.31%
Witch Doctor,49.43%,Paralyzing Cask,51.78%,9696,51.85%,1.26%
Spirit Breaker,50.75%,Charge of Darkness,52.08%,9666,53.00%,1.59%
Shadow Strike,47.67%,Scream Of Pain,48.16%,9664,47.52%,-0.39%
Ogre Magi,53.48%,Fireblast,48.58%,9624,51.69%,0.72%
Pugna,52.40%,Nether Blast,47.27%,9358,50.93%,1.16%
Witch Doctor,49.43%,Maledict,49.68%,9309,48.81%,-0.74%
Death Prophet,53.27%,Crypt Swarm,48.80%,9286,52.62%,1.63%
Ember Spirit,48.86%,Sleight of Fist,48.09%,9261,47.41%,-1.06%
Drow Ranger,57.13%,Frost Arrows,48.60%,9251,56.05%,3.36%
Riki,47.23%,Blink Strike,49.08%,9224,47.20%,-0.94%
Shadow Shaman,48.03%,Mass Serpent Ward,49.56%,9200,49.04%,0.25%
Outworld Devourer,51.71%,Arcane Orb,49.46%,9152,54.53%,3.96%
Earthshaker,51.61%,Enchant Totem,46.34%,9142,46.98%,-1.92%
Pudge,50.10%,Dismember,49.65%,9129,50.98%,1.10%
Centaur Warrunner,53.01%,Retaliate,50.17%,9105,53.71%,2.13%
Quill Spray,46.63%,Bristleback,51.14%,9103,49.45%,0.61%
Hunter in the Night,52.06%,Dark Ascension,49.99%,9064,53.38%,2.36%
Cold Feet,51.25%,Ice Blast,53.31%,9011,54.48%,2.21%
Venomancer,46.30%,Poison Sting,50.66%,8984,48.80%,0.37%
Multishot,48.72%,Marksmanship,47.46%,8972,47.40%,-0.69%
Mirana,48.23%,Leap,54.06%,8968,53.89%,2.83%
Wyrm's Wrath,48.55%,Elder Dragon Form,48.01%,8907,49.23%,0.95%
Sven,49.95%,Great Cleave,48.35%,8880,47.61%,-1.53%
Magnus,49.30%,Skewer,50.68%,8870,51.16%,1.18%
Nature's Prophet,52.53%,Sprout,51.12%,8821,53.52%,1.70%
Dark Seer,50.20%,Ion Shell,48.50%,8789,50.77%,1.43%
Razor,53.03%,Static Link,46.75%,8768,50.76%,0.97%
Phantom Assassin,43.66%,Phantom Strike,49.73%,8737,44.95%,-1.65%
Bounty Hunter,49.01%,Shuriken Toss,46.19%,8735,47.74%,0.16%
Tidehunter,55.01%,Kraken Shell,48.39%,8732,53.49%,1.90%
Warlock,51.50%,Upheaval,47.95%,8714,51.34%,1.65%
Silencer,48.84%,Last Word,47.97%,8713,48.86%,0.46%
Techies,54.03%,Reactive Tazer,51.30%,8643,54.70%,2.06%
Burning Spear,48.79%,Berserker's Blood,53.48%,8639,53.78%,2.70%
Undying,48.73%,Decay,50.96%,8618,49.70%,-0.13%
Nyx Assassin,49.67%,Mind Flare,47.90%,8498,48.35%,-0.42%
Night Stalker,49.31%,Hunter in the Night,52.06%,8401,51.71%,1.04%
Windranger,49.24%,Focus Fire Facet,45.09%,8380,46.04%,-1.08%
Dragon Slave,46.39%,Fiery Soul,49.90%,8324,47.28%,-0.83%
Frostbite,52.64%,Freezing Field,52.05%,8291,53.78%,1.44%
Shadow Shaman,48.03%,Ether Shock,47.99%,8290,47.43%,-0.58%
Necrophos,46.34%,Heartstopper Aura,51.38%,8286,47.89%,-0.91%
Clinkz,45.13%,Strafe,47.24%,8269,44.35%,-1.82%
Morphling,50.32%,Waveform,49.47%,8226,51.68%,1.79%
Bloodseeker,51.81%,Thirst,54.64%,8210,57.64%,4.43%
Storm Spirit,48.55%,Overload,48.02%,8200,49.28%,0.99%
Clinkz,45.13%,Tar Bomb,49.85%,8198,46.06%,-1.37%
Viper,47.27%,Poison Attack,49.45%,8169,48.27%,-0.08%
March of the Machines,45.07%,Rearm,44.57%,8159,42.43%,-2.38%
Charge of Darkness,52.08%,Greater Bash,47.25%,8158,51.86%,2.26%
Pangolier,46.81%,Swashbuckle,45.22%,8139,44.19%,-1.82%
Earthshaker,51.61%,Echo Slam,49.54%,8099,52.92%,2.35%
Luna,56.61%,Lucent Beam,48.71%,8087,55.01%,2.51%
Berserker's Blood,53.48%,Life Break,49.43%,8084,54.87%,3.46%
Juggernaut,49.72%,Blade Dance,46.98%,8052,48.93%,0.60%
Phantom Lancer,47.40%,Phantom Rush,48.28%,8014,47.49%,-0.34%
Beastmaster,46.82%,Wild Axes,50.18%,7995,48.17%,-0.30%
Spirit Lance,48.07%,Juxtapose,52.78%,7971,50.50%,0.13%
Windranger,49.24%,Shackleshot,49.48%,7961,49.68%,0.32%
Crystal Maiden,46.32%,Crystal Nova,51.42%,7940,48.74%,-0.06%
Tinker,48.46%,Laser,48.74%,7932,47.04%,-1.57%
Wraith King,52.89%,Reincarnation,55.91%,7857,57.01%,2.63%
Queen of Pain,49.92%,Sonic Wave,46.38%,7832,47.41%,-0.71%
Undying,48.73%,Tombstone,52.54%,7829,51.46%,0.86%
Razor,53.03%,Plasma Field,51.27%,7737,55.86%,3.72%
Meat Hook,51.36%,Dismember,49.65%,7723,51.66%,1.17%
Midnight Pulse,52.26%,Black Hole,51.41%,7706,53.69%,1.85%
Queen of Pain,49.92%,Shadow Strike,47.67%,7695,47.68%,-1.10%
Omniknight,53.73%,Hammer of Purity,49.09%,7693,52.65%,1.29%
Multishot,48.72%,Frost Arrows,48.60%,7673,49.75%,1.09%
Leshrac,56.15%,Split Earth,49.43%,7669,55.95%,3.27%
Silencer,48.84%,Glaives of Wisdom,50.38%,7661,50.70%,1.10%
Lifestealer,51.00%,Ghoul Frenzy,50.69%,7656,55.66%,4.81%
Shackles,51.39%,Mass Serpent Ward,49.56%,7651,52.32%,1.85%
Timbersaw,49.51%,Whirling Death,51.29%,7649,50.28%,-0.11%
Sand King,45.39%,Epicenter,48.91%,7637,46.47%,-0.64%
Puck,45.44%,Dream Coil,49.20%,7637,43.88%,-3.41%
Sand King,45.39%,Sand Storm,51.18%,7543,47.58%,-0.62%
Stinger,46.84%,Epicenter,48.91%,7538,48.21%,0.35%
Paralyzing Cask,51.78%,Death Ward,51.60%,7510,53.33%,1.64%
Lina,51.60%,Fiery Soul,49.90%,7491,55.13%,4.39%
Lion,48.96%,Mana Drain,46.78%,7478,45.88%,-1.98%
Lina,51.60%,Laguna Blade,45.79%,7433,48.45%,-0.16%
Chaos Knight,48.87%,Reality Rift,50.23%,7421,49.63%,0.08%
Phantom Assassin,43.66%,Stifling Dagger,47.25%,7411,43.06%,-2.36%
Counter Helix,53.38%,Culling Blade,46.70%,7317,51.21%,1.28%
Bane,50.87%,Fiend's Grip,53.35%,7307,55.93%,3.84%
Puck,45.44%,Phase Shift,50.85%,7263,46.76%,-1.31%
Bane,50.87%,Brain Sap,50.82%,7255,53.33%,2.48%
Mana Drain,46.78%,Finger of Death,44.92%,7223,41.60%,-4.24%
Pugna,52.40%,Life Drain,48.36%,7217,51.13%,0.79%
Storm Spirit,48.55%,Static Remnant,47.32%,7186,47.55%,-0.38%
Legion Commander,49.42%,Overwhelming Odds,49.88%,7152,50.85%,1.20%
Puck,45.44%,Illusory Orb,48.13%,7150,44.94%,-1.83%
Skywrath Mage,49.79%,Arcane Bolt,47.40%,7068,49.43%,0.85%
Clockwerk,50.68%,Power Cogs,49.66%,7029,50.99%,0.82%
Shuriken Toss,46.19%,Track,51.33%,7026,48.32%,-0.37%
Sven,49.95%,God's Strength,48.95%,6968,49.02%,-0.42%
Leshrac,56.15%,Pulse Nova,50.19%,6958,58.22%,5.13%
Jakiro,48.43%,Dual Breath,47.97%,6948,47.61%,-0.59%
Pudge,50.10%,Meat Hook,51.36%,6921,52.48%,1.75%
Headshot,48.53%,Take Aim,45.00%,6909,47.68%,0.94%
Berserker's Call,53.41%,Culling Blade,46.70%,6905,52.12%,2.18%
Great Cleave,48.35%,God's Strength,48.95%,6903,51.15%,2.50%
Primal Beast,51.92%,Pulverize,50.88%,6902,53.16%,1.76%
Death Prophet,53.27%,Exorcism,49.49%,6851,51.80%,0.46%
Bounty Hunter,49.01%,Jinada,47.45%,6768,46.38%,-1.84%
Templar Assassin,46.46%,Psi Blades,50.15%,6767,48.07%,-0.20%
Axe,50.18%,Battle Hunger,48.88%,6750,49.32%,-0.21%
Fatal Bonds,48.93%,Chaotic Offering,54.07%,6737,54.27%,2.83%
Bloodseeker,51.81%,Rupture,49.33%,6722,52.05%,1.49%
Visage,47.59%,Soul Assumption,48.33%,6704,48.43%,0.48%
Bane,50.87%,Nightmare,46.33%,6695,46.39%,-2.16%
Tar Bomb,49.85%,Skeleton Walk,53.63%,6689,54.48%,2.78%
Legion Commander,49.42%,Moment of Courage,48.49%,6666,49.19%,0.24%
Avalanche,55.47%,Toss,47.41%,6652,53.10%,1.81%
Bristleback,47.59%,Bristleback,51.14%,6640,48.45%,-0.88%
Disruptor,47.80%,Thunder Strike,51.21%,6634,51.69%,2.21%
Naga Siren,51.55%,Mirror Image,53.21%,6625,53.95%,1.57%
Ringmaster,47.07%,Tame the Beasts,48.58%,6618,47.19%,-0.63%
Queen of Pain,49.92%,Scream Of Pain,48.16%,6597,47.93%,-1.10%
Sniper,56.91%,Take Aim,45.00%,6584,54.22%,3.61%
Mars,51.88%,Arena Of Blood,52.24%,6581,54.66%,2.60%
Tiny,46.95%,Toss,47.41%,6547,46.60%,-0.58%
Wraith King,52.89%,Mortal Strike,48.18%,6532,50.73%,0.26%
Dragon Slave,46.39%,Laguna Blade,45.79%,6523,43.26%,-2.83%
Leshrac,56.15%,Diabolic Edict,50.49%,6518,57.00%,3.75%
Sniper,56.91%,Shrapnel,52.08%,6514,57.61%,3.17%
Kraken Shell,48.39%,Anchor Smash,50.37%,6481,48.99%,-0.38%
Ember Spirit,48.86%,Searing Chains,50.34%,6471,50.46%,0.86%
Ursa,46.39%,Earthshock,49.49%,6462,47.12%,-0.79%
Ancient Apparition,47.96%,Cold Feet,51.25%,6455,50.46%,0.88%
Tusk,54.46%,Walrus PUNCH!,47.68%,6400,53.59%,2.63%
Blade Dance,46.98%,Omnislash,48.66%,6398,49.09%,1.28%
Medusa,56.90%,Mystic Snake,48.48%,6387,56.77%,4.25%
Arcane Curse,50.71%,Global Silence,50.99%,6371,54.21%,3.37%
Phantom Assassin,43.66%,Coup de Grace,43.65%,6352,39.37%,-4.28%
Razor,53.03%,Storm Surge,49.42%,6347,52.45%,1.26%
Treant Protector,53.38%,Nature's Grasp,49.77%,6338,52.68%,1.14%
Lich,49.83%,Frost Blast,48.62%,6319,50.34%,1.12%
Shadow Demon,52.83%,Disruption,54.36%,6317,57.64%,4.05%
Beastmaster,46.82%,Primal Roar,51.71%,6303,48.58%,-0.62%
Maledict,49.68%,Death Ward,51.60%,6289,50.01%,-0.62%
Morphling,50.32%,Adaptive Strike,48.24%,6285,48.42%,-0.85%
Rot,51.45%,Dismember,49.65%,6268,50.13%,-0.41%
Venomancer,46.30%,Venomous Gale,48.58%,6261,46.09%,-1.33%
Tiny,46.95%,Avalanche,55.47%,6255,52.89%,1.85%
Io,51.10%,Tether,53.00%,6228,54.01%,1.97%
Crystal Maiden,46.32%,Frostbite,52.64%,6226,49.69%,0.32%
Necrophos,46.34%,Reaper's Scythe,49.44%,6220,45.23%,-2.64%
Medusa,56.90%,Split Shot,47.60%,6200,59.31%,7.27%
Necrophos,46.34%,Ghost Shroud,49.73%,6196,46.95%,-1.06%
Windranger,49.24%,Powershot,48.83%,6184,46.90%,-2.14%
Bloodseeker,51.81%,Bloodrage,46.48%,6150,47.12%,-1.95%
Sand King,45.39%,Stinger,46.84%,6145,43.34%,-2.77%
Venomancer,46.30%,Noxious Plague,53.75%,6145,50.69%,0.81%
Dragon Knight,57.42%,Wyrm's Wrath,48.55%,6133,54.13%,1.34%
Meld,46.70%,Psi Blades,50.15%,6123,49.27%,0.88%
Enchantress,50.78%,Nature's Attendants,52.70%,6122,55.28%,3.54%
Razor,53.03%,Eye of the Storm,48.76%,6078,51.94%,1.09%
Outworld Devourer,51.71%,Sanity's Eclipse,47.52%,6064,51.52%,1.95%
Rubick,48.66%,Fade Bolt,47.82%,6056,48.48%,0.24%
Dragon Knight,57.42%,Dragon Tail,51.71%,6040,60.46%,5.98%
Phase Shift,50.85%,Dream Coil,49.20%,6004,49.17%,-0.85%
Shackleshot,49.48%,Focus Fire Facet,45.09%,5995,46.96%,-0.28%
Faceless Void,47.04%,Time Walk,53.91%,5987,51.90%,1.54%
Shadow Fiend,56.53%,Shadowraze,47.30%,5977,51.31%,-0.40%
Bounty Hunter,49.01%,Track,51.33%,5965,51.63%,1.48%
Skywrath Mage,49.79%,Concussive Shot,52.03%,5956,53.11%,2.20%
Tar Bomb,49.85%,Strafe,47.24%,5947,48.93%,0.41%
Lion,48.96%,Hex,50.59%,5946,49.80%,0.03%
Decrepify,47.64%,Life Drain,48.36%,5911,47.39%,-0.62%
Nature's Prophet,52.53%,Teleportation,50.34%,5899,53.67%,2.25%
Oracle,49.69%,Fortune's End,52.36%,5875,52.85%,1.84%
Brain Sap,50.82%,Fiend's Grip,53.35%,5862,54.47%,2.40%
Shrapnel,52.08%,Assassinate,47.77%,5856,49.18%,-0.70%
Outworld Devourer,51.71%,Astral Imprisonment,48.50%,5840,50.53%,0.45%
Dark Willow,48.93%,Shadow Realm,54.19%,5832,52.18%,0.68%
Lina,51.60%,Light Strike Array,52.19%,5820,54.62%,2.73%
Presence of the Dark Lord,54.28%,Requiem of Souls,53.04%,5811,59.78%,6.12%
Omniknight,53.73%,Purification,51.24%,5807,55.12%,2.65%
Static Remnant,47.32%,Ball Lightning,51.99%,5806,50.33%,0.72%
Frost Arrows,48.60%,Marksmanship,47.46%,5804,47.33%,-0.70%
Spirit Breaker,50.75%,Greater Bash,47.25%,5796,49.29%,0.32%
Juggernaut,49.72%,Blade Fury,54.28%,5795,50.58%,-1.37%
Luna,56.61%,Lunar Orbit,50.23%,5783,56.32%,3.00%
Timbersaw,49.51%,Reactive Armor,53.33%,5775,51.77%,0.39%
Greater Bash,47.25%,Nether Strike,44.35%,5774,44.35%,-1.43%
Dazzle,48.66%,Shadow Wave,50.13%,5754,52.16%,2.77%
Centaur Warrunner,53.01%,Hoof Stomp,52.90%,5748,55.92%,2.96%
Storm Surge,49.42%,Eye of the Storm,48.76%,5748,50.50%,1.42%
Mirana,48.23%,Moonlight Shadow,50.61%,5739,49.75%,0.34%
Lycan,49.91%,Summon Wolves,48.28%,5705,48.66%,-0.43%
Pugna,52.40%,Decrepify,47.64%,5704,50.12%,0.16%
Clinkz,45.13%,Skeleton Walk,53.63%,5698,47.81%,-1.39%
Tusk,54.46%,Snowball,52.04%,5691,55.60%,2.36%
Huskar,47.37%,Berserker's Blood,53.48%,5667,49.78%,-0.55%
Spectre,44.69%,Dispersion,56.10%,5660,51.18%,1.11%
Static Remnant,47.32%,Overload,48.02%,5631,45.69%,-1.98%
Zeus,48.39%,Arc Lightning,50.51%,5616,47.49%,-1.95%
Arcane Curse,50.71%,Last Word,47.97%,5596,51.91%,2.59%
Earth Spike,55.66%,Mana Drain,46.78%,5590,53.04%,2.01%
Lifestealer,51.00%,Infest,50.16%,5575,49.36%,-1.22%
Phantom Lancer,47.40%,Juxtapose,52.78%,5564,48.72%,-1.29%
Thirst,54.64%,Rupture,49.33%,5560,54.41%,2.49%
Slithereen Crush,50.71%,Corrosive Haze,50.86%,5555,54.04%,3.26%
Noxious Plague,53.75%,Poison Sting,50.66%,5538,54.82%,2.64%
Puck,45.44%,Waning Rift,48.88%,5509,44.76%,-2.36%
Death Pulse,48.01%,Heartstopper Aura,51.38%,5493,49.28%,-0.39%
Faceless Void,47.04%,Time Lock,47.76%,5472,43.55%,-3.85%
Arcane Orb,49.46%,Sanity's Eclipse,47.52%,5472,50.18%,1.70%
Untouchable,50.33%,Nature's Attendants,52.70%,5463,53.80%,2.30%
Leshrac,56.15%,Lightning Storm,47.75%,5451,53.66%,1.88%
Lifestealer,51.00%,Rage,51.79%,5421,53.44%,2.05%
Lycan,49.91%,Shapeshift,51.23%,5395,52.14%,1.57%
Weaver,43.71%,Geminate Attack,46.31%,5390,39.65%,-5.34%
Mirana,48.23%,Starstorm,49.25%,5380,46.15%,-2.59%
Crypt Swarm,48.80%,Exorcism,49.49%,5373,47.53%,-1.61%
Poison Sting,50.66%,Plague Ward,46.36%,5369,51.20%,2.74%
Ringmaster,47.07%,Impalement Arts,48.39%,5359,47.64%,-0.09%
Pugna,52.40%,Nether Ward,52.64%,5350,54.62%,2.10%
Bash of the Deep,51.09%,Corrosive Haze,50.86%,5345,50.96%,-0.01%
Enigma,47.56%,Midnight Pulse,52.26%,5333,51.73%,1.88%
Shuriken Toss,46.19%,Jinada,47.45%,5330,43.77%,-3.04%
Phantom Strike,49.73%,Coup de Grace,43.65%,5329,44.60%,-1.98%
Troll Warlord,45.31%,Fervor,45.99%,5312,43.13%,-2.52%
Dawnbreaker,49.71%,Starbreaker,50.63%,5291,51.14%,0.98%
Shadow Shaman,48.03%,Hex,50.43%,5264,49.07%,-0.15%
Upheaval,47.95%,Chaotic Offering,54.07%,5258,52.70%,1.78%
Lifestealer,51.00%,Open Wounds,46.14%,5249,47.69%,-0.83%
Disruptor,47.80%,Glimpse,50.24%,5226,48.34%,-0.67%
Queen of Pain,49.92%,Blink,55.16%,5226,56.08%,3.61%
Techies,54.03%,Sticky Bomb,49.38%,5223,51.98%,0.33%
Luna,56.61%,Eclipse,47.93%,5219,55.45%,3.37%
Mirana,48.23%,Sacred Arrow,51.42%,5217,48.84%,-0.96%
Berserker's Call,53.41%,Battle Hunger,48.88%,5204,52.63%,1.53%
Hex,50.59%,Finger of Death,44.92%,5187,46.04%,-1.63%
Templar Assassin,46.46%,Refraction,52.03%,5184,48.84%,-0.33%
Doom,46.79%,Devour,50.47%,5182,46.72%,-1.87%
Kunkka,51.14%,Ghostship,51.88%,5175,51.15%,-0.36%
Elder Titan,48.42%,Astral Spirit,50.07%,5152,47.36%,-1.88%
Bane,50.87%,Enfeeble,50.90%,5151,52.20%,1.32%
Void Spirit,51.59%,Astral Step,54.82%,5150,54.83%,1.65%
Ancient Apparition,47.96%,Ice Vortex,50.41%,5143,49.97%,0.80%
Toss,47.41%,Grow,47.15%,5132,47.17%,-0.11%
Earthshaker,51.61%,Fissure,51.03%,5129,51.49%,0.17%
Lycan,49.91%,Feral Impulse,49.35%,5125,49.44%,-0.18%
Doom,46.79%,Scorched Earth,49.95%,5102,47.61%,-0.74%
Grimstroke,49.75%,Soulbind,51.92%,5097,55.07%,4.24%
Diabolic Edict,50.49%,Pulse Nova,50.19%,5088,52.08%,1.74%
Ghost Shroud,49.73%,Heartstopper Aura,51.38%,5074,51.30%,0.75%
Tidehunter,55.01%,Ravage,52.78%,5070,57.89%,4.00%
Silencer,48.84%,Global Silence,50.99%,5066,51.22%,1.32%
Chaos Knight,48.87%,Chaos Strike,48.79%,5034,48.27%,-0.56%
Static Link,46.75%,Eye of the Storm,48.76%,5023,46.49%,-1.26%
Guardian Sprint,49.73%,Bash of the Deep,51.09%,5017,52.04%,1.64%
Dark Seer,50.20%,Vacuum,50.63%,5002,52.32%,1.90%
Enigma,47.56%,Malefice,51.10%,4998,50.34%,1.04%
Anti-Mage,45.47%,Mana Break,47.41%,4989,45.04%,-1.39%
Storm Spirit,48.55%,Electric Vortex,50.05%,4982,49.08%,-0.22%
Windranger,49.24%,Windrun,55.09%,4977,54.85%,2.77%
Primal Beast,51.92%,Onslaught,48.23%,4964,50.26%,0.22%
Wraith King,52.89%,Wraithfire Blast,49.96%,4958,53.91%,2.51%
Riki,47.23%,Smoke Screen,52.37%,4944,51.21%,1.48%
Death Pulse,48.01%,Reaper's Scythe,49.44%,4940,46.21%,-2.51%
Nature's Prophet,52.53%,Wrath of Nature,49.30%,4935,52.64%,1.76%
Tinker,48.46%,March of the Machines,45.07%,4927,43.15%,-3.58%
Burrowstrike,51.88%,Epicenter,48.91%,4926,51.54%,1.17%
Sven,49.95%,Storm Hammer,53.11%,4919,54.40%,2.90%
Tree Grab,48.82%,Grow,47.15%,4911,48.67%,0.69%
Chen,47.07%,Penitence,46.91%,4909,44.67%,-2.32%
Heavenly Jump,50.09%,Arc Lightning,50.51%,4908,50.88%,0.58%
Magnus,49.30%,Shockwave,49.40%,4897,48.83%,-0.52%
Trample,49.82%,Uproar,53.10%,4884,53.40%,1.96%
Light Strike Array,52.19%,Laguna Blade,45.79%,4882,49.55%,0.66%
Omniknight,53.73%,Repel,52.62%,4881,54.78%,1.61%
Huskar,47.37%,Burning Spear,48.79%,4878,44.55%,-3.53%
Warcry,51.20%,God's Strength,48.95%,4877,49.83%,-0.24%
Viper,47.27%,Nethertoxin,48.65%,4870,45.24%,-2.72%
Nyx Assassin,49.67%,Impale,52.23%,4865,52.27%,1.34%
Clockwerk,50.68%,Hookshot,48.62%,4848,50.00%,0.36%
Viper,47.27%,Viper Strike,50.13%,4839,47.84%,-0.84%
Laser,48.74%,Rearm,44.57%,4836,42.41%,-4.20%
Refraction,52.03%,Psi Blades,50.15%,4833,53.05%,1.97%
Escape Act,49.13%,Impalement Arts,48.39%,4830,49.61%,0.85%
Trample,49.82%,Pulverize,50.88%,4827,51.85%,1.50%
Fiery Soul,49.90%,Laguna Blade,45.79%,4821,46.26%,-1.55%
Underlord,50.60%,Firestorm,52.28%,4811,54.15%,2.72%
Abaddon,47.80%,Mist Coil,46.13%,4795,45.92%,-1.04%
Venomancer,46.30%,Plague Ward,46.36%,4791,45.27%,-1.06%
Slardar,50.88%,Corrosive Haze,50.86%,4790,55.47%,4.60%
Snapfire,52.49%,Scatterblast,48.45%,4789,51.26%,0.83%
Illusory Orb,48.13%,Phase Shift,50.85%,4779,50.83%,1.36%
Smoke Screen,52.37%,Cloak and Dagger,51.99%,4779,56.06%,3.88%
Tiny,46.95%,Grow,47.15%,4754,45.67%,-1.39%
Keeper of the Light,47.42%,Chakra Magic,49.52%,4753,48.75%,0.29%
Burrowstrike,51.88%,Sand Storm,51.18%,4740,54.18%,2.65%
Templar Assassin,46.46%,Meld,46.70%,4730,44.76%,-1.83%
Paralyzing Cask,51.78%,Maledict,49.68%,4720,52.48%,1.76%
Kunkka,51.14%,Torrent,50.99%,4713,52.60%,1.53%
Pudge,50.10%,Meat Shield,48.18%,4700,49.66%,0.53%
Ice Path,52.50%,Macropyre,49.60%,4696,52.58%,1.54%
Dragon Knight,57.42%,Breathe Fire,48.36%,4692,55.80%,3.10%
Nyx Assassin,49.67%,Vendetta,47.81%,4652,47.83%,-0.90%
Jakiro,48.43%,Liquid Frost,48.45%,4647,48.93%,0.50%
Brewmaster,49.82%,Drunken Brawler,48.75%,4635,49.00%,-0.29%
Blink Strike,49.08%,Tricks of the Trade,46.06%,4628,45.01%,-2.54%
Riki,47.23%,Cloak and Dagger,51.99%,4628,48.79%,-0.76%
Zeus,48.39%,Heavenly Jump,50.09%,4626,48.14%,-1.09%
Phantom Lancer,47.40%,Doppelganger,54.16%,4615,51.09%,0.43%
Crystal Maiden,46.32%,Freezing Field,52.05%,4614,48.01%,-1.09%
Illusory Orb,48.13%,Dream Coil,49.20%,4614,47.66%,-1.00%
Vengeful Spirit,48.54%,Nether Swap,49.63%,4606,48.55%,-0.54%
Legion Commander,49.42%,Duel,50.84%,4585,51.06%,0.93%
Torrent,50.99%,Ghostship,51.88%,4580,54.19%,2.76%
Lone Druid,46.46%,Summon Spirit Bear,44.73%,4551,44.12%,-1.46%
Battery Assault,50.94%,Power Cogs,49.66%,4547,52.17%,1.87%
Enchantress,50.78%,Untouchable,50.33%,4543,52.08%,1.53%
Nether Ward,52.64%,Life Drain,48.36%,4525,52.18%,1.72%
Heartstopper Aura,51.38%,Reaper's Scythe,49.44%,4517,50.41%,0.01%
Enfeeble,50.90%,Fiend's Grip,53.35%,4507,53.38%,1.27%
Uproar,53.10%,Pulverize,50.88%,4492,52.76%,0.78%
Tidebringer,51.09%,Ghostship,51.88%,4490,49.84%,-1.64%
Noxious Plague,53.75%,Venomous Gale,48.58%,4481,52.62%,1.52%
Crystal Maiden,46.32%,Arcane Aura,48.80%,4477,46.66%,-0.88%
Spirit Lance,48.07%,Doppelganger,54.16%,4476,53.11%,2.08%
Sven,49.95%,Warcry,51.20%,4461,51.71%,1.14%
Phantom Rush,48.28%,Doppelganger,54.16%,4456,55.00%,3.87%
Night Stalker,49.31%,Crippling Fear,51.06%,4435,51.25%,1.07%
Fatal Bonds,48.93%,Upheaval,47.95%,4428,47.74%,-0.69%
Weaver,43.71%,The Swarm,50.92%,4420,46.52%,-0.66%
Doom,46.79%,Doom,49.94%,4419,47.68%,-0.66%
Frost Blast,48.62%,Chain Frost,53.32%,4397,52.92%,2.01%
Ringmaster,47.07%,Escape Act,49.13%,4365,48.06%,-0.03%
Pangolier,46.81%,Rolling Thunder,48.31%,4360,45.30%,-2.26%
Magnus,49.30%,Reverse Polarity,51.20%,4351,50.79%,0.55%
Reality Rift,50.23%,Chaos Strike,48.79%,4344,52.23%,2.73%
Electric Vortex,50.05%,Ball Lightning,51.99%,4336,49.58%,-1.42%
Vacuum,50.63%,Wall of Replica,52.05%,4303,53.06%,1.72%
Poison Attack,49.45%,Viper Strike,50.13%,4302,49.77%,-0.02%
Ursa,46.39%,Enrage,51.08%,4301,47.66%,-1.01%
Bloodseeker,51.81%,Blood Rite,50.20%,4276,51.71%,0.71%
Battery Assault,50.94%,Hookshot,48.62%,4263,51.77%,2.01%
Chaos Strike,48.79%,Phantasm,51.57%,4251,49.52%,-0.64%
Double Edge,49.67%,Retaliate,50.17%,4251,50.74%,0.82%
Phantom Lancer,47.40%,Spirit Lance,48.07%,4244,43.71%,-4.02%
Snapfire,52.49%,Mortimer Kisses,50.45%,4237,54.33%,2.87%
Skewer,50.68%,Reverse Polarity,51.20%,4236,52.10%,1.16%
Ancient Apparition,47.96%,Ice Blast,53.31%,4231,51.00%,0.44%
Anti-Mage,45.47%,Blink,53.51%,4227,48.14%,-1.19%
Medusa,56.90%,Stone Gaze,49.17%,4221,55.89%,3.00%
Frostbite,52.64%,Arcane Aura,48.80%,4208,52.14%,1.46%
Dragon Knight,57.42%,Elder Dragon Form,48.01%,4189,55.24%,2.74%
Ringmaster,47.07%,Wheel of Wonder,51.43%,4161,48.31%,-0.90%
Weaver,43.71%,Shukuchi,57.68%,4140,51.01%,0.81%
Skywrath Mage,49.79%,Ancient Seal,49.95%,4130,50.17%,0.30%
Magic Missile,52.27%,Nether Swap,49.63%,4121,52.46%,1.53%
Earth Spike,55.66%,Finger of Death,44.92%,4117,52.25%,2.24%
Mind Flare,47.90%,Vendetta,47.81%,4115,46.32%,-1.54%
Treant Protector,53.38%,Overgrowth,51.56%,4110,54.50%,2.04%
Earth Spike,55.66%,Hex,50.59%,4103,56.69%,3.62%
Dragon Tail,51.71%,Elder Dragon Form,48.01%,4098,48.41%,-1.41%
Vengeful Spirit,48.54%,Vengeance Aura,55.04%,4088,52.32%,0.64%
Wraithfire Blast,49.96%,Reincarnation,55.91%,4079,55.41%,2.56%
Nether Blast,47.27%,Life Drain,48.36%,4072,45.48%,-2.33%
Earth Spirit,50.12%,Rolling Boulder,50.38%,4051,51.84%,1.59%
Slark,49.67%,Dark Pact,49.24%,4038,48.51%,-0.94%
Geminate Attack,46.31%,Time Lapse,49.51%,4035,46.42%,-1.46%
Muerta,50.84%,Dead Shot,49.46%,4035,49.12%,-1.03%
Jakiro,48.43%,Ice Path,52.50%,4033,49.39%,-1.03%
Winter Wyvern,48.46%,Arctic Burn,58.93%,4032,54.24%,0.80%
Bounty Hunter,49.01%,Shadow Walk,51.21%,4027,51.48%,1.38%
Clinkz,45.13%,Death Pact,49.87%,4023,45.66%,-1.78%
Bristleback,47.59%,Viscous Nasal Goo,46.47%,4016,48.46%,1.43%
Witch Doctor,49.43%,Voodoo Restoration,52.42%,4015,52.38%,1.48%
Hex,50.43%,Mass Serpent Ward,49.56%,4000,51.18%,1.18%
Mars,51.88%,God's Rebuke,50.17%,3987,50.64%,-0.38%
Overwhelming Odds,49.88%,Moment of Courage,48.49%,3982,52.18%,3.00%
Hoodwink,52.27%,Sharpshooter,47.79%,3978,47.81%,-2.17%
Feral Impulse,49.35%,Shapeshift,51.23%,3977,51.97%,1.69%
Batrider,53.71%,Firefly,50.00%,3971,53.08%,1.26%
Abaddon,47.80%,Aphotic Shield,50.97%,3970,52.95%,3.59%
Nethertoxin,48.65%,Corrosive Skin,54.90%,3968,54.01%,2.33%
Meat Shield,48.18%,Rot,51.45%,3962,51.87%,2.08%
Blood Rite,50.20%,Rupture,49.33%,3954,49.85%,0.08%
Strafe,47.24%,Skeleton Walk,53.63%,3949,52.70%,2.37%
Corrosive Weaponry,48.50%,Chemical Rage,52.72%,3945,51.23%,0.67%
Corrosive Skin,54.90%,Viper Strike,50.13%,3944,54.64%,2.18%
Alchemist,48.36%,Unstable Concoction,48.90%,3942,48.20%,-0.43%
Hex,50.43%,Shackles,51.39%,3901,53.01%,2.10%
Lich,49.83%,Frost Shield,49.60%,3900,50.03%,0.31%
Gyrocopter,53.75%,Rocket Barrage,50.09%,3895,51.78%,-0.10%
Ether Shock,47.99%,Mass Serpent Ward,49.56%,3883,48.00%,-0.76%
Jakiro,48.43%,Macropyre,49.60%,3871,46.45%,-2.56%
Overwhelming Odds,49.88%,Duel,50.84%,3869,51.80%,1.44%
Tiny,46.95%,Tree Grab,48.82%,3863,42.64%,-5.24%
Magnus,49.30%,Empower,53.43%,3851,48.97%,-2.35%
Blink,55.16%,Sonic Wave,46.38%,3848,52.39%,1.81%
Skywrath Mage,49.79%,Mystic Flare,47.66%,3847,48.58%,-0.13%
Night Stalker,49.31%,Dark Ascension,49.99%,3828,49.69%,0.04%
Stifling Dagger,47.25%,Coup de Grace,43.65%,3827,42.59%,-2.82%
Keeper of the Light,47.42%,Spirit Form,48.66%,3820,46.83%,-1.20%
Arc Warden,49.20%,Magnetic Field,48.85%,3811,49.75%,0.73%
Moonlight Shadow,50.61%,Leap,54.06%,3804,55.78%,3.48%
Dual Breath,47.97%,Macropyre,49.60%,3802,48.37%,-0.41%
Blink,55.16%,Scream Of Pain,48.16%,3800,53.00%,1.46%
Dazzle,48.66%,Nothl Projection,42.90%,3792,41.48%,-4.21%
Waning Rift,48.88%,Dream Coil,49.20%,3785,46.24%,-2.80%
Guardian Sprint,49.73%,Corrosive Haze,50.86%,3784,50.98%,0.69%
Vengeful Spirit,48.54%,Magic Missile,52.27%,3774,49.89%,-0.48%
Spectre,44.69%,Spectral Dagger,51.65%,3760,46.73%,-1.32%
Spectral Dagger,51.65%,Desolate,51.91%,3750,55.09%,3.32%
Windrun,55.09%,Focus Fire Facet,45.09%,3732,51.74%,1.90%
Dark Willow,48.93%,Bramble Maze,52.56%,3727,51.25%,0.54%
Dazzle,48.66%,Shallow Grave,49.64%,3727,49.15%,0.01%
Monkey King,50.85%,Boundless Strike,50.24%,3726,51.45%,0.90%
Fervor,45.99%,Battle Trance,50.05%,3719,48.05%,0.08%
Slark,49.67%,Shadow Dance,49.45%,3705,51.09%,1.53%
Battle Hunger,48.88%,Culling Blade,46.70%,3704,45.19%,-2.58%
Frost Shield,49.60%,Chain Frost,53.32%,3699,52.69%,1.26%
Juggernaut,49.72%,Healing Ward,51.86%,3698,52.22%,1.44%
Terrorblade,51.36%,Conjure Image,50.08%,3683,50.53%,-0.19%
Inner Beast,48.62%,Primal Roar,51.71%,3675,50.04%,-0.10%
Anchor Smash,50.37%,Ravage,52.78%,3673,54.91%,3.36%
Void Spirit,51.59%,Dissimilate,49.03%,3664,51.72%,1.43%
Death Prophet,53.27%,Silence,48.59%,3659,51.30%,0.42%
Shadow Demon,52.83%,Demonic Purge,50.12%,3655,53.24%,1.79%
Hoodwink,52.27%,Acorn Shot,47.91%,3624,54.61%,4.57%
Spectre,44.69%,Desolate,51.91%,3608,42.49%,-5.68%
Onslaught,48.23%,Trample,49.82%,3603,47.77%,-1.25%
Brewmaster,49.82%,Thunder Clap,47.49%,3599,46.62%,-2.02%
Huskar,47.37%,Life Break,49.43%,3596,44.91%,-3.48%
Malefice,51.10%,Black Hole,51.41%,3592,52.78%,1.53%
Phoenix,47.27%,Icarus Dive,49.53%,3588,48.55%,0.16%
Reality Rift,50.23%,Phantasm,51.57%,3576,53.27%,2.38%
Snapfire,52.49%,Lil' Shredder,47.78%,3575,52.08%,2.00%
Sand Storm,51.18%,Epicenter,48.91%,3565,50.46%,0.43%
Legion Commander,49.42%,Press The Attack,50.51%,3565,51.30%,1.34%
Kez,49.54%,Unknown Ability #1517,45.27%,3562,46.07%,-1.29%
Hoodwink,52.27%,Bushwhack,49.79%,3560,49.94%,-1.07%
Io,51.10%,Spirits,54.26%,3556,58.66%,6.01%
Warlock,51.50%,Shadow Word,49.10%,3528,51.56%,1.27%
Troll Warlord,45.31%,Whirling Axes (Ranged),48.24%,3524,42.34%,-4.41%
Disruptor,47.80%,Kinetic Field,49.15%,3514,49.09%,0.62%
Ember Spirit,48.86%,Flame Guard,48.27%,3510,49.12%,0.56%
Slark,49.67%,Pounce,47.90%,3509,47.34%,-1.44%
Chaos Knight,48.87%,Chaos Bolt,52.55%,3497,52.27%,1.59%
Nether Blast,47.27%,Decrepify,47.64%,3487,46.89%,-0.57%
Slardar,50.88%,Guardian Sprint,49.73%,3487,48.78%,-1.52%
Hammer of Purity,49.09%,Repel,52.62%,3482,52.41%,1.59%
Skeleton Walk,53.63%,Death Pact,49.87%,3482,52.84%,1.13%
Kraken Shell,48.39%,Ravage,52.78%,3473,50.53%,-0.00%
Chaos Knight,48.87%,Phantasm,51.57%,3460,48.03%,-2.17%
Shadowraze,47.30%,Requiem of Souls,53.04%,3460,50.58%,0.49%
Smoke Screen,52.37%,Blink Strike,49.08%,3444,49.85%,-0.85%
Anti-Mage,45.47%,Mana Void,46.12%,3429,43.60%,-2.20%
Moment of Courage,48.49%,Duel,50.84%,3419,51.36%,1.71%
Gush,51.33%,Ravage,52.78%,3413,54.06%,2.01%
Ghost Shroud,49.73%,Death Pulse,48.01%,3412,48.12%,-0.74%
Ghoul Frenzy,50.69%,Rage,51.79%,3405,55.18%,3.95%
Summon Wolves,48.28%,Feral Impulse,49.35%,3405,49.37%,0.56%
Sprout,51.12%,Teleportation,50.34%,3403,53.31%,2.58%
Shadow Strike,47.67%,Sonic Wave,46.38%,3399,45.98%,-1.03%
Crippling Fear,51.06%,Hunter in the Night,52.06%,3382,54.52%,2.96%
Untouchable,50.33%,Impetus,48.47%,3376,50.30%,0.91%
Muerta,50.84%,The Calling,51.30%,3375,51.82%,0.75%
Lightning Storm,47.75%,Pulse Nova,50.19%,3371,50.25%,1.30%
Fiend's Grip,53.35%,Nightmare,46.33%,3370,48.04%,-1.68%
Tidehunter,55.01%,Gush,51.33%,3368,55.11%,1.96%
Essence Shift,50.56%,Shadow Dance,49.45%,3366,52.29%,2.29%
Beastmaster,46.82%,Inner Beast,48.62%,3356,42.13%,-5.58%
Wraith King,52.89%,Bone Guard,47.45%,3351,49.45%,-0.64%
Phantom Rush,48.28%,Spirit Lance,48.07%,3337,46.87%,-1.30%
Bloodrage,46.48%,Rupture,49.33%,3335,44.23%,-3.66%
Troll Warlord,45.31%,Battle Trance,50.05%,3334,46.82%,-0.80%
Power Cogs,49.66%,Hookshot,48.62%,3325,49.29%,0.15%
Breathe Fire,48.36%,Elder Dragon Form,48.01%,3310,46.83%,-1.36%
Gyrocopter,53.75%,Call Down,48.91%,3309,51.31%,0.04%
Wild Axes,50.18%,Primal Roar,51.71%,3306,50.70%,-0.24%
Plasma Field,51.27%,Eye of the Storm,48.76%,3299,51.56%,1.56%
Night Stalker,49.31%,Void,47.15%,3294,47.78%,-0.43%
Chakra Magic,49.52%,Spirit Form,48.66%,3291,50.02%,0.93%
Ghost Shroud,49.73%,Reaper's Scythe,49.44%,3283,50.62%,1.04%
Great Cleave,48.35%,Warcry,51.20%,3281,48.46%,-1.30%
Dragon Slave,46.39%,Light Strike Array,52.19%,3275,49.13%,-0.07%
Kunkka,51.14%,X Marks the Spot,47.04%,3245,48.17%,-0.88%
Timbersaw,49.51%,Timber Chain,46.65%,3243,46.93%,-1.13%
Arc Warden,49.20%,Flux,49.54%,3234,49.17%,-0.20%
Quill Spray,46.63%,Warpath,45.39%,3228,44.33%,-1.68%
Spawn Spiderlings,46.46%,Spin Web,54.73%,3227,52.34%,1.91%
Tusk,54.46%,Ice Shards,49.90%,3225,52.84%,0.71%
Searing Chains,50.34%,Sleight of Fist,48.09%,3218,47.45%,-1.75%
Void,47.15%,Hunter in the Night,52.06%,3214,49.60%,0.05%
Elder Titan,48.42%,Natural Order,54.94%,3214,51.84%,0.26%
Marci,48.84%,Bodyguard,53.97%,3203,50.11%,-1.23%
Winter Wyvern,48.46%,Splinter Blast,47.44%,3202,49.00%,1.05%
Refraction,52.03%,Meld,46.70%,3201,51.08%,1.78%
Tame the Beasts,48.58%,Wheel of Wonder,51.43%,3197,50.33%,0.34%
Keeper of the Light,47.42%,Illuminate,46.85%,3189,46.16%,-0.97%
Sprout,51.12%,Wrath of Nature,49.30%,3185,50.11%,-0.09%
Abaddon,47.80%,Borrowed Time,57.02%,3182,53.05%,0.84%
Nature's Attendants,52.70%,Impetus,48.47%,3177,52.31%,1.77%
Disruption,54.36%,Demonic Purge,50.12%,3174,55.64%,3.44%
Lunar Orbit,50.23%,Moon Glaives,54.22%,3171,57.11%,4.92%
Fissure,51.03%,Echo Slam,49.54%,3151,48.27%,-2.01%
Scream Of Pain,48.16%,Sonic Wave,46.38%,3150,45.87%,-1.39%
Crystal Nova,51.42%,Freezing Field,52.05%,3146,52.45%,0.72%
Onslaught,48.23%,Uproar,53.10%,3145,52.02%,1.41%
Gyrocopter,53.75%,Homing Missile,51.14%,3142,52.04%,-0.39%
Tidebringer,51.09%,X Marks the Spot,47.04%,3135,49.73%,0.71%
Muerta,50.84%,Gunslinger,48.78%,3126,53.58%,3.78%
Teleportation,50.34%,Wrath of Nature,49.30%,3126,49.14%,-0.68%
Nethertoxin,48.65%,Viper Strike,50.13%,3125,49.28%,-0.10%
Treant Protector,53.38%,Leech Seed,49.05%,3119,51.88%,0.71%
Fury Swipes,53.13%,Enrage,51.08%,3117,55.31%,3.21%
Burning Spear,48.79%,Life Break,49.43%,3117,47.55%,-1.56%
Mortal Strike,48.18%,Reincarnation,55.91%,3115,54.57%,2.67%
Sticky Napalm,47.00%,Firefly,50.00%,3109,46.74%,-1.74%
Jinada,47.45%,Track,51.33%,3100,49.03%,-0.32%
Clockwerk,50.68%,Rocket Flare,47.32%,3091,46.68%,-2.29%
Shackleshot,49.48%,Powershot,48.83%,3087,48.46%,-0.69%
Ogre Magi,53.48%,Ignite,47.58%,3079,50.63%,0.19%
Kinetic Field,49.15%,Static Storm,50.63%,3077,51.19%,1.30%
Nothl Projection,42.90%,Poison Touch,47.14%,3070,42.57%,-2.40%
Viper,47.27%,Corrosive Skin,54.90%,3058,51.47%,0.53%
Venomous Gale,48.58%,Poison Sting,50.66%,3046,50.16%,0.55%
Illusory Orb,48.13%,Waning Rift,48.88%,3042,47.07%,-1.42%
Rolling Thunder,48.31%,Swashbuckle,45.22%,3042,42.37%,-4.37%
Nyx Assassin,49.67%,Spiked Carapace,53.92%,3040,53.49%,1.74%
Slark,49.67%,Essence Shift,50.56%,3039,50.94%,0.83%
Shadow Walk,51.21%,Track,51.33%,3036,53.66%,2.38%
Arcane Orb,49.46%,Essence Flux,49.70%,3028,50.56%,0.98%
Brewmaster,49.82%,Primal Split,51.36%,3013,51.31%,0.73%
Ursa,46.39%,Overpower,45.25%,3013,41.19%,-4.63%
Surge,50.25%,Wall of Replica,52.05%,3009,52.01%,0.87%
Mystic Snake,48.48%,Stone Gaze,49.17%,3009,48.79%,-0.04%
Fissure,51.03%,Aftershock,56.51%,3008,55.95%,2.25%
Time Lock,47.76%,Chronosphere,50.10%,3007,50.05%,1.14%
Astral Imprisonment,48.50%,Sanity's Eclipse,47.52%,2992,46.76%,-1.25%
Mirror Image,53.21%,Rip Tide,50.87%,2991,54.76%,2.74%
Viscous Nasal Goo,46.47%,Bristleback,51.14%,2985,52.96%,4.22%
Ogre Magi,53.48%,Bloodlust,49.43%,2980,53.09%,1.67%
Crystal Nova,51.42%,Frostbite,52.64%,2974,53.53%,1.50%
Disruptor,47.80%,Static Storm,50.63%,2973,48.34%,-0.86%
Io,51.10%,Overcharge,47.68%,2967,48.43%,-0.93%
Split Shot,47.60%,Stone Gaze,49.17%,2965,49.04%,0.66%
Enchantress,50.78%,Enchant,47.49%,2962,48.08%,-1.03%
Enigma,47.56%,Demonic Summoning,46.17%,2952,46.31%,-0.55%
Dark Seer,50.20%,Wall of Replica,52.05%,2951,52.39%,1.27%
Kez,49.54%,Echo Slash,47.71%,2944,48.51%,-0.11%
Conjure Image,50.08%,Metamorphosis,48.61%,2930,50.58%,1.24%
Earthshock,49.49%,Fury Swipes,53.13%,2911,52.73%,1.45%
Bone Guard,47.45%,Reincarnation,55.91%,2910,53.61%,2.10%
Shadow Strike,47.67%,Blink,55.16%,2909,51.94%,0.66%
Viscous Nasal Goo,46.47%,Warpath,45.39%,2899,43.46%,-2.46%
Arcane Aura,48.80%,Freezing Field,52.05%,2893,50.19%,-0.21%
Pounce,47.90%,Essence Shift,50.56%,2886,49.27%,0.06%
Incapacitating Bite,49.90%,Insatiable Hunger,49.26%,2871,50.44%,0.86%
Broodmother,46.62%,Spin Web,54.73%,2860,51.01%,0.50%
Alchemist,48.36%,Chemical Rage,52.72%,2856,51.47%,0.98%
Storm Surge,49.42%,Static Link,46.75%,2850,45.68%,-2.38%
Jinada,47.45%,Shadow Walk,51.21%,2841,51.74%,2.45%
Drow Ranger,57.13%,Gust,50.18%,2837,57.53%,3.99%
Overpower,45.25%,Fury Swipes,53.13%,2835,52.28%,3.24%
Battle Hunger,48.88%,Counter Helix,53.38%,2833,52.74%,1.65%
Mist Coil,46.13%,Borrowed Time,57.02%,2830,51.10%,-0.19%
Heavenly Jump,50.09%,Thundergod's Wrath,50.72%,2825,48.14%,-2.26%
Batrider,53.71%,Flaming Lasso,47.95%,2817,51.97%,1.22%
Onslaught,48.23%,Pulverize,50.88%,2804,49.36%,-0.18%
Devour,50.47%,Doom,49.94%,2790,48.28%,-1.92%
Batrider,53.71%,Flamebreak,48.16%,2783,52.57%,1.71%
Terrorblade,51.36%,Metamorphosis,48.61%,2781,48.65%,-1.32%
Acid Spray,48.95%,Chemical Rage,52.72%,2777,51.10%,0.30%
Spectral Blade,46.82%,Mortal Strike,48.18%,2769,48.50%,1.00%
Scorched Earth,49.95%,Doom,49.94%,2765,48.28%,-1.67%
Shadow Demon,52.83%,Disseminate,49.13%,2760,51.70%,0.76%
Torrent,50.99%,Tidebringer,51.09%,2755,51.03%,-0.01%
Mind Flare,47.90%,Impale,52.23%,2751,51.91%,1.89%
Illuminate,46.85%,Chakra Magic,49.52%,2750,49.71%,1.55%
Infernal Blade,51.13%,Doom,49.94%,2748,48.84%,-1.70%
Glaives of Wisdom,50.38%,Global Silence,50.99%,2743,49.65%,-1.03%
Blade Fury,54.28%,Omnislash,48.66%,2737,47.90%,-3.49%
Powershot,48.83%,Windrun,55.09%,2733,53.27%,1.41%
Kez,49.54%,Kazurai Katana,53.50%,2732,53.99%,2.51%
Underlord,50.60%,Pit of Malice,53.38%,2712,54.06%,2.09%
Ghoul Frenzy,50.69%,Infest,50.16%,2705,48.35%,-2.07%
Unstable Concoction,48.90%,Chemical Rage,52.72%,2704,52.03%,1.26%
Ghoul Frenzy,50.69%,Open Wounds,46.14%,2702,49.04%,0.68%
Lone Druid,46.46%,True Form,50.51%,2682,45.82%,-2.62%
Viscous Nasal Goo,46.47%,Quill Spray,46.63%,2668,43.10%,-3.45%
Faceless Void,47.04%,Chronosphere,50.10%,2667,47.13%,-1.41%
Centaur Warrunner,53.01%,Stampede,50.96%,2662,52.82%,0.84%
Broodmother,46.62%,Insatiable Hunger,49.26%,2660,45.04%,-2.89%
Waning Rift,48.88%,Phase Shift,50.85%,2660,50.79%,0.94%
Weaver,43.71%,Time Lapse,49.51%,2650,41.85%,-4.67%
Kez,49.54%,Raptor Dance,47.62%,2637,47.55%,-1.02%
Storm Surge,49.42%,Plasma Field,51.27%,2629,51.58%,1.24%
Tinker,48.46%,Defense Matrix,47.26%,2625,46.48%,-1.38%
Crystal Nova,51.42%,Arcane Aura,48.80%,2624,49.05%,-1.05%
Shackleshot,49.48%,Windrun,55.09%,2623,53.72%,1.51%
Phoenix,47.27%,Fire Spirits,47.78%,2622,49.35%,1.83%
Tether,53.00%,Overcharge,47.68%,2622,52.33%,2.06%
Healing Ward,51.86%,Omnislash,48.66%,2618,52.33%,2.10%
Drunken Brawler,48.75%,Primal Split,51.36%,2617,47.73%,-2.31%
Impale,52.23%,Vendetta,47.81%,2609,50.36%,0.39%
Visage,47.59%,Grave Chill,45.93%,2597,41.93%,-4.82%
Kez,49.54%,Grappling Claw,49.24%,2581,50.68%,1.29%
Slardar,50.88%,Bash of the Deep,51.09%,2571,48.23%,-2.76%
Oracle,49.69%,Purifying Flames,46.75%,2565,50.53%,2.33%
Split Earth,49.43%,Pulse Nova,50.19%,2565,47.68%,-2.13%
Arc Lightning,50.51%,Thundergod's Wrath,50.72%,2557,50.02%,-0.59%
Heavenly Jump,50.09%,Lightning Bolt,51.57%,2552,49.80%,-1.02%
Devour,50.47%,Scorched Earth,49.95%,2537,49.07%,-1.14%
Underlord,50.60%,Fiend's Gate,47.50%,2530,48.89%,-0.13%
Sticky Napalm,47.00%,Flaming Lasso,47.95%,2527,44.72%,-2.76%
Guardian Sprint,49.73%,Slithereen Crush,50.71%,2523,49.86%,-0.36%
Monkey King,50.85%,Jingu Mastery,45.48%,2521,48.04%,-0.06%
Empower,53.43%,Reverse Polarity,51.20%,2515,53.92%,1.61%
Waveform,49.47%,Adaptive Strike,48.24%,2508,50.12%,1.27%
Omniknight,53.73%,Guardian Angel,47.75%,2507,49.82%,-0.83%
Bloodrage,46.48%,Thirst,54.64%,2493,48.62%,-1.78%
Blood Rite,50.20%,Thirst,54.64%,2490,55.38%,3.01%
Arcane Curse,50.71%,Glaives of Wisdom,50.38%,2488,51.29%,0.74%
Brain Sap,50.82%,Enfeeble,50.90%,2487,52.11%,1.25%
Glaives of Wisdom,50.38%,Last Word,47.97%,2486,49.07%,-0.08%
Dark Seer,50.20%,Surge,50.25%,2485,48.85%,-1.37%
Snowball,52.04%,Walrus PUNCH!,47.68%,2478,51.45%,1.64%
Ice Vortex,50.41%,Chilling Touch,47.85%,2470,50.77%,1.66%
Lycan,49.91%,Howl,50.88%,2451,51.12%,0.73%
Summon Wolves,48.28%,Shapeshift,51.23%,2445,49.20%,-0.53%
Wheel of Wonder,51.43%,Impalement Arts,48.39%,2441,49.00%,-0.89%
Shadow Word,49.10%,Chaotic Offering,54.07%,2420,52.48%,0.95%
Dual Breath,47.97%,Ice Path,52.50%,2418,52.98%,2.79%
Hex,50.59%,Mana Drain,46.78%,2409,46.87%,-1.78%
Venomous Gale,48.58%,Plague Ward,46.36%,2401,45.23%,-2.23%
Terrorblade,51.36%,Reflection,53.08%,2398,55.67%,3.46%
Plasma Field,51.27%,Static Link,46.75%,2391,49.14%,0.18%
Dragon Tail,51.71%,Wyrm's Wrath,48.55%,2391,50.10%,0.00%
Rage,51.79%,Infest,50.16%,2386,50.00%,-0.97%
Charge of Darkness,52.08%,Nether Strike,44.35%,2385,48.72%,0.66%
Moonlight Shadow,50.61%,Sacred Arrow,51.42%,2374,52.53%,1.51%
Strafe,47.24%,Death Pact,49.87%,2374,47.56%,-0.98%
Last Word,47.97%,Global Silence,50.99%,2364,50.25%,0.80%
Phoenix,47.27%,Supernova,51.35%,2355,51.85%,2.58%
Enchant Totem,46.34%,Echo Slam,49.54%,2354,46.77%,-1.14%
Whirling Death,51.29%,Reactive Armor,53.33%,2345,54.84%,2.54%
Sticky Napalm,47.00%,Flamebreak,48.16%,2343,47.67%,0.10%
Nether Blast,47.27%,Nether Ward,52.64%,2335,47.92%,-1.96%
Ursa,46.39%,Fury Swipes,53.13%,2332,46.87%,-2.78%
The Swarm,50.92%,Shukuchi,57.68%,2330,56.65%,2.46%
Meat Hook,51.36%,Rot,51.45%,2321,50.24%,-1.17%
Rubick,48.66%,Telekinesis,48.19%,2315,46.18%,-2.25%
Breathe Fire,48.36%,Wyrm's Wrath,48.55%,2309,48.38%,-0.08%
Jakiro,48.43%,Liquid Fire,51.30%,2309,50.63%,0.78%
The Swarm,50.92%,Geminate Attack,46.31%,2301,47.41%,-1.15%
Hammer of Purity,49.09%,Guardian Angel,47.75%,2300,45.17%,-3.24%
Cold Feet,51.25%,Chilling Touch,47.85%,2283,48.71%,-0.81%
Snapfire,52.49%,Firesnap Cookie,49.67%,2275,52.62%,1.55%
Electric Vortex,50.05%,Overload,48.02%,2273,48.83%,-0.19%
Overpower,45.25%,Enrage,51.08%,2271,46.32%,-1.75%
Howl,50.88%,Shapeshift,51.23%,2256,53.46%,2.40%
Ion Shell,48.50%,Surge,50.25%,2255,49.36%,-0.01%
Kez,49.54%,Unknown Ability #1519,48.39%,2252,44.85%,-4.11%
Wraithfire Blast,49.96%,Mortal Strike,48.18%,2248,47.86%,-1.20%
Earthshock,49.49%,Overpower,45.25%,2247,43.88%,-3.44%
Psi Blades,50.15%,Psionic Trap,45.42%,2246,46.66%,-1.06%
Wave of Terror,49.08%,Nether Swap,49.63%,2245,46.73%,-2.63%
Open Wounds,46.14%,Infest,50.16%,2242,45.58%,-2.53%
Whirling Death,51.29%,Timber Chain,46.65%,2241,48.24%,-0.68%
Smoke Screen,52.37%,Tricks of the Trade,46.06%,2239,44.84%,-4.27%
Poison Touch,47.14%,Shadow Wave,50.13%,2236,50.04%,1.43%
Thunder Strike,51.21%,Glimpse,50.24%,2231,52.85%,2.12%
Void Spirit,51.59%,Aether Remnant,50.92%,2227,53.12%,1.87%
Leap,54.06%,Starstorm,49.25%,2226,50.04%,-1.56%
Spirit Breaker,50.75%,Nether Strike,44.35%,2224,45.86%,-1.58%
Naga Siren,51.55%,Ensnare,49.50%,2219,51.01%,0.50%
Tar Bomb,49.85%,Death Pact,49.87%,2216,50.14%,0.28%
Undying,48.73%,Soul Rip,47.62%,2216,48.19%,0.03%
Blade Dance,46.98%,Blade Fury,54.28%,2212,48.96%,-1.54%
Silence,48.59%,Exorcism,49.49%,2208,48.46%,-0.58%
Poison Attack,49.45%,Nethertoxin,48.65%,2207,48.84%,-0.20%
Decay,50.96%,Flesh Golem,52.17%,2202,52.50%,0.94%
Stinger,46.84%,Burrowstrike,51.88%,2183,48.19%,-1.10%
Timbersaw,49.51%,Chakram,49.13%,2165,48.64%,-0.68%
Ember Spirit,48.86%,Fire Remnant,49.04%,2161,47.66%,-1.29%
Retaliate,50.17%,Stampede,50.96%,2149,51.84%,1.27%
Torrent,50.99%,X Marks the Spot,47.04%,2138,46.45%,-2.53%
Cloak and Dagger,51.99%,Tricks of the Trade,46.06%,2137,45.25%,-3.68%
Light Strike Array,52.19%,Fiery Soul,49.90%,2132,49.39%,-1.64%
Naga Siren,51.55%,Deluge,45.65%,2121,48.09%,-0.42%
Dawnbreaker,49.71%,Solar Guardian,52.71%,2109,52.54%,1.35%
Meld,46.70%,Psionic Trap,45.42%,2108,43.64%,-2.41%
Enfeeble,50.90%,Nightmare,46.33%,2104,45.20%,-3.36%
Ion Shell,48.50%,Wall of Replica,52.05%,2101,48.41%,-1.84%
Powershot,48.83%,Focus Fire Facet,45.09%,2098,43.42%,-3.50%
Grimstroke,49.75%,Stroke of Fate,48.29%,2092,51.10%,2.08%
Nature's Grasp,49.77%,Overgrowth,51.56%,2090,50.62%,-0.03%
Terrorblade,51.36%,Sunder,48.48%,2084,48.75%,-1.14%
Hoof Stomp,52.90%,Double Edge,49.67%,2081,51.66%,0.40%
Pangolier,46.81%,Shield Crash,49.73%,2079,49.25%,1.00%
Rage,51.79%,Open Wounds,46.14%,2079,48.00%,-0.88%
Troll Warlord,45.31%,Whirling Axes (Melee),50.82%,2078,43.79%,-4.19%
Blink Strike,49.08%,Cloak and Dagger,51.99%,2077,48.63%,-1.89%
Meat Shield,48.18%,Dismember,49.65%,2075,49.73%,0.83%
Vacuum,50.63%,Ion Shell,48.50%,2070,50.05%,0.49%
Shuriken Toss,46.19%,Shadow Walk,51.21%,2067,48.23%,-0.40%
Laser,48.74%,March of the Machines,45.07%,2066,41.53%,-5.34%
Arcane Bolt,47.40%,Mystic Flare,47.66%,2064,47.00%,-0.53%
Shukuchi,57.68%,Time Lapse,49.51%,2060,56.94%,3.50%
Time Zone,48.25%,Time Lock,47.76%,2060,45.53%,-2.47%
Doom,46.79%,Infernal Blade,51.13%,2059,45.99%,-2.92%
Enchant,47.49%,Impetus,48.47%,2059,45.80%,-2.18%
Fissure,51.03%,Enchant Totem,46.34%,2058,46.84%,-1.79%
Astral Spirit,50.07%,Echo Stomp,46.84%,2055,47.35%,-1.08%
Dark Pact,49.24%,Essence Shift,50.56%,2053,51.88%,1.98%
Split Earth,49.43%,Diabolic Edict,50.49%,2052,47.86%,-2.10%
Marci,48.84%,Unleash,50.95%,2050,47.76%,-2.13%
Proximity Mines,51.04%,Blast Off!,47.92%,2047,48.85%,-0.60%
Wraith King,52.89%,Spectral Blade,46.82%,2045,49.34%,-0.42%
Repel,52.62%,Guardian Angel,47.75%,2043,50.42%,0.29%
Shrapnel,52.08%,Headshot,48.53%,2035,51.79%,1.52%
Lucent Beam,48.71%,Moon Glaives,54.22%,2033,50.47%,-0.92%
Shadow Demon,52.83%,Shadow Poison,45.51%,2027,43.17%,-5.87%
Naga Siren,51.55%,Rip Tide,50.87%,2023,53.29%,2.08%
Voodoo Restoration,52.42%,Death Ward,51.60%,2023,53.88%,1.87%
Chilling Touch,47.85%,Ice Blast,53.31%,2020,51.29%,0.78%
Abaddon,47.80%,Curse of Avernus,49.84%,2014,47.12%,-1.69%
Bloodrage,46.48%,Blood Rite,50.20%,2010,43.23%,-5.07%
Refraction,52.03%,Psionic Trap,45.42%,2006,46.26%,-2.35%
Stifling Dagger,47.25%,Phantom Strike,49.73%,2006,45.66%,-2.81%
Marksmanship,47.46%,Gust,50.18%,2004,49.25%,0.45%
Aphotic Shield,50.97%,Borrowed Time,57.02%,1997,56.79%,2.87%
Sacred Arrow,51.42%,Leap,54.06%,1994,53.01%,0.28%
Homing Missile,51.14%,Call Down,48.91%,1993,47.72%,-2.30%
Spin Web,54.73%,Incapacitating Bite,49.90%,1985,54.66%,2.40%
Flak Cannon,54.17%,Call Down,48.91%,1979,50.58%,-0.89%
Escape Act,49.13%,Wheel of Wonder,51.43%,1973,50.48%,0.21%
Undying,48.73%,Flesh Golem,52.17%,1972,43.61%,-6.81%
Void,47.15%,Dark Ascension,49.99%,1971,45.92%,-2.63%
Poison Touch,47.14%,Shallow Grave,49.64%,1966,45.57%,-2.79%
Glimpse,50.24%,Static Storm,50.63%,1964,50.36%,-0.08%
Sleight of Fist,48.09%,Fire Remnant,49.04%,1963,44.98%,-3.58%
Aftershock,56.51%,Static Remnant,47.32%,1961,66.85%,15.14%
Treant Protector,53.38%,Living Armor,47.49%,1961,49.72%,-0.63%
Chen,47.07%,Hand of God,50.07%,1960,48.16%,-0.39%
X Marks the Spot,47.04%,Ghostship,51.88%,1949,48.74%,-0.66%
Muerta,50.84%,Pierce the Veil,50.95%,1945,50.69%,-0.20%
Visage,47.59%,Gravekeeper's Cloak,50.05%,1945,47.25%,-1.55%
Monkey King,50.85%,Tree Dance,43.81%,1941,44.31%,-2.90%
Glimpse,50.24%,Kinetic Field,49.15%,1941,50.28%,0.59%
Stinger,46.84%,Sand Storm,51.18%,1940,46.03%,-2.93%
Shadowraze,47.30%,Presence of the Dark Lord,54.28%,1936,50.72%,0.05%
Vengeance Aura,55.04%,Wave of Terror,49.08%,1919,52.32%,0.34%
Sniper,56.91%,Assassinate,47.77%,1914,52.40%,0.26%
Marci,48.84%,Dispose,48.77%,1914,46.24%,-2.57%
Ice Vortex,50.41%,Ice Blast,53.31%,1896,53.85%,2.01%
Techies,54.03%,Proximity Mines,51.04%,1890,48.99%,-3.52%
Brain Sap,50.82%,Nightmare,46.33%,1878,44.57%,-3.96%
Lone Druid,46.46%,Savage Roar,48.54%,1868,46.95%,-0.54%
Nature's Prophet,52.53%,Nature's Call,42.75%,1864,44.74%,-2.64%
Arcane Orb,49.46%,Astral Imprisonment,48.50%,1851,47.16%,-1.81%
Swashbuckle,45.22%,Shield Crash,49.73%,1850,45.51%,-1.91%
Ether Shock,47.99%,Hex,50.43%,1846,47.67%,-1.52%
Hammer of Purity,49.09%,Purification,51.24%,1841,50.95%,0.80%
The Swarm,50.92%,Time Lapse,49.51%,1837,51.01%,0.80%
Spawn Spiderlings,46.46%,Incapacitating Bite,49.90%,1837,46.33%,-1.82%
Hoof Stomp,52.90%,Retaliate,50.17%,1835,54.01%,2.49%
Faceless Void,47.04%,Time Zone,48.25%,1835,43.16%,-4.48%
Acid Spray,48.95%,Unstable Concoction,48.90%,1831,48.06%,-0.87%
Toss,47.41%,Tree Grab,48.82%,1829,45.71%,-2.40%
Spiked Carapace,53.92%,Vendetta,47.81%,1827,52.27%,1.50%
Outworld Devourer,51.71%,Essence Flux,49.70%,1820,53.96%,3.26%
Mars,51.88%,Bulwark,49.44%,1819,52.45%,1.80%
Shockwave,49.40%,Skewer,50.68%,1817,48.87%,-1.16%
Blink,53.51%,Mana Void,46.12%,1810,50.06%,0.38%
Underlord,50.60%,Atrophy Aura,54.84%,1809,50.47%,-2.20%
Alchemist,48.36%,Corrosive Weaponry,48.50%,1808,45.41%,-3.02%
Winter Wyvern,48.46%,Cold Embrace,50.81%,1804,50.11%,0.49%
Press The Attack,50.51%,Moment of Courage,48.49%,1804,50.11%,0.62%
Concussive Shot,52.03%,Ancient Seal,49.95%,1802,49.56%,-1.43%
Thunder Strike,51.21%,Static Storm,50.63%,1802,51.39%,0.47%
Static Remnant,47.32%,Electric Vortex,50.05%,1798,45.27%,-3.39%
Howl,50.88%,Feral Impulse,49.35%,1796,52.84%,2.73%
Tame the Beasts,48.58%,Impalement Arts,48.39%,1789,46.84%,-1.65%
Astral Spirit,50.07%,Natural Order,54.94%,1788,58.72%,6.28%
Dark Pact,49.24%,Pounce,47.90%,1772,45.99%,-2.57%
Concussive Shot,52.03%,Mystic Flare,47.66%,1771,52.06%,2.26%
Arcane Bolt,47.40%,Concussive Shot,52.03%,1771,52.23%,2.57%
Whirling Death,51.29%,Chakram,49.13%,1768,49.15%,-1.05%
Firestorm,52.28%,Pit of Malice,53.38%,1767,55.46%,2.63%
Arcane Bolt,47.40%,Ancient Seal,49.95%,1761,49.52%,0.86%
Ancient Seal,49.95%,Mystic Flare,47.66%,1759,47.92%,-0.87%
Broodmother,46.62%,Incapacitating Bite,49.90%,1756,43.51%,-4.72%
Firefly,50.00%,Flaming Lasso,47.95%,1754,50.46%,1.49%
Shallow Grave,49.64%,Shadow Wave,50.13%,1753,53.51%,3.63%
Fatal Bonds,48.93%,Shadow Word,49.10%,1748,50.29%,1.27%
Repel,52.62%,Purification,51.24%,1748,54.06%,2.14%
Breathe Fire,48.36%,Dragon Tail,51.71%,1734,51.21%,1.21%
Spin Web,54.73%,Insatiable Hunger,49.26%,1722,56.45%,4.52%
Mana Break,47.41%,Blink,53.51%,1717,51.95%,1.58%
Wild Axes,50.18%,Inner Beast,48.62%,1711,50.56%,1.16%
Cold Feet,51.25%,Ice Vortex,50.41%,1706,52.40%,1.58%
Slithereen Crush,50.71%,Bash of the Deep,51.09%,1700,48.76%,-2.14%
Summon Spirit Bear,44.73%,Infest,50.16%,1697,48.14%,0.78%
Overwhelming Odds,49.88%,Press The Attack,50.51%,1694,53.66%,3.47%
Decrepify,47.64%,Nether Ward,52.64%,1694,47.52%,-2.56%
Untouchable,50.33%,Enchant,47.49%,1688,48.22%,-0.67%
Storm Hammer,53.11%,Warcry,51.20%,1686,54.69%,2.54%
Enchant Totem,46.34%,Aftershock,56.51%,1682,54.99%,3.82%
Kez,49.54%,Unknown Ability #1518,48.20%,1682,47.62%,-1.24%
Tame the Beasts,48.58%,Escape Act,49.13%,1680,48.04%,-0.82%
Demonic Summoning,46.17%,Black Hole,51.41%,1677,46.63%,-2.09%
Illuminate,46.85%,Spirit Form,48.66%,1673,48.60%,0.85%
Kez,49.54%,Unknown Ability #1520,47.81%,1666,44.36%,-4.31%
Avalanche,55.47%,Grow,47.15%,1664,52.40%,1.26%
Nothl Projection,42.90%,Shadow Wave,50.13%,1661,42.62%,-3.75%
Broodmother,46.62%,Spawn Spiderlings,46.46%,1660,44.34%,-2.21%
Dark Pact,49.24%,Shadow Dance,49.45%,1658,46.20%,-3.14%
Noxious Plague,53.75%,Plague Ward,46.36%,1651,50.45%,0.54%
Unknown Ability #1519,48.39%,Unknown Ability #1520,47.81%,1650,44.79%,-3.31%
Mist Coil,46.13%,Aphotic Shield,50.97%,1648,52.00%,3.51%
Crippling Fear,51.06%,Dark Ascension,49.99%,1644,49.21%,-1.31%
Mirror Image,53.21%,Ensnare,49.50%,1637,54.61%,3.29%
Corrosive Weaponry,48.50%,Acid Spray,48.95%,1634,52.88%,4.15%
Defense Matrix,47.26%,Rearm,44.57%,1634,44.12%,-1.77%
Diabolic Edict,50.49%,Lightning Storm,47.75%,1632,49.39%,0.29%
Mirror Image,53.21%,Song of the Siren,49.94%,1627,53.78%,2.23%
Huskar,47.37%,Voodoo Restoration,52.42%,1626,59.53%,9.70%
Fortune's End,52.36%,Purifying Flames,46.75%,1625,53.48%,4.00%
Moonlight Shadow,50.61%,Starstorm,49.25%,1617,49.97%,0.04%
Purification,51.24%,Guardian Angel,47.75%,1611,47.42%,-2.04%
Pounce,47.90%,Shadow Dance,49.45%,1602,46.32%,-2.35%
Thunder Strike,51.21%,Kinetic Field,49.15%,1601,53.65%,3.48%
Spectral Blade,46.82%,Reincarnation,55.91%,1598,52.19%,1.02%
Tusk,54.46%,Drinking Buddies,46.29%,1593,50.41%,0.20%
Exorcism,49.49%,Spirit Siphon,50.55%,1586,50.19%,0.17%
Whirling Axes (Ranged),48.24%,Fervor,45.99%,1581,44.02%,-3.08%
Blade Dance,46.98%,Healing Ward,51.86%,1578,50.00%,0.64%
Spectral Dagger,51.65%,Dispersion,56.10%,1569,58.00%,4.17%
Headshot,48.53%,Assassinate,47.77%,1566,44.32%,-3.84%
Paralyzing Cask,51.78%,Voodoo Restoration,52.42%,1561,52.85%,0.75%
Time Walk,53.91%,Time Lock,47.76%,1560,52.56%,1.82%
Vengeance Aura,55.04%,Nether Swap,49.63%,1552,50.13%,-2.14%
Rocket Barrage,50.09%,Call Down,48.91%,1548,45.67%,-3.83%
Magic Missile,52.27%,Vengeance Aura,55.04%,1548,61.37%,7.73%
Summon Wolves,48.28%,Howl,50.88%,1545,51.07%,1.51%
Scatterblast,48.45%,Mortimer Kisses,50.45%,1542,49.42%,-0.02%
Earth Spirit,50.12%,Boulder Smash,46.80%,1534,47.52%,-0.91%
Decay,50.96%,Tombstone,52.54%,1530,52.48%,0.74%
Reactive Armor,53.33%,Chakram,49.13%,1522,51.77%,0.59%
Devour,50.47%,Infernal Blade,51.13%,1519,53.65%,2.86%
Templar Assassin,46.46%,Psionic Trap,45.42%,1511,41.56%,-4.38%
Gush,51.33%,Kraken Shell,48.39%,1506,49.00%,-0.83%
Bristleback,47.59%,Warpath,45.39%,1502,40.95%,-5.53%
Summon Spirit Bear,44.73%,True Form,50.51%,1498,43.46%,-4.07%
Rocket Flare,47.32%,Hookshot,48.62%,1493,47.09%,-0.88%
Timber Chain,46.65%,Reactive Armor,53.33%,1492,49.46%,-0.41%
Unknown Ability #1517,45.27%,Unknown Ability #1519,48.39%,1485,44.11%,-2.70%
Shockwave,49.40%,Reverse Polarity,51.20%,1479,51.45%,1.16%
Bramble Maze,52.56%,Cursed Crown,47.97%,1479,52.87%,2.66%
Bone Guard,47.45%,Mortal Strike,48.18%,1471,45.82%,-1.99%
Time Walk,53.91%,Chronosphere,50.10%,1471,51.87%,-0.10%
Sticky Bomb,49.38%,Proximity Mines,51.04%,1462,50.07%,-0.14%
Oracle,49.69%,Fate's Edict,49.15%,1461,49.21%,-0.21%
Liquid Fire,51.30%,Macropyre,49.60%,1455,50.58%,0.14%
Split Earth,49.43%,Lightning Storm,47.75%,1454,48.14%,-0.44%
Fireblast,48.58%,Ignite,47.58%,1449,46.10%,-1.98%
Kazurai Katana,53.50%,Unknown Ability #1517,45.27%,1437,51.57%,2.35%
Ice Shards,49.90%,Walrus PUNCH!,47.68%,1433,46.96%,-1.81%
Crypt Swarm,48.80%,Silence,48.59%,1431,48.36%,-0.33%
Malefice,51.10%,Midnight Pulse,52.26%,1431,55.21%,3.53%
Medusa,56.90%,Mana Drain,46.78%,1430,61.47%,9.88%
Sleight of Fist,48.09%,Flame Guard,48.27%,1423,44.98%,-3.20%
Spawn Spiderlings,46.46%,Insatiable Hunger,49.26%,1421,44.76%,-3.09%
Fireblast,48.58%,Bloodlust,49.43%,1421,47.71%,-1.29%
Impalement Arts,48.39%,Aftershock,56.51%,1412,57.01%,4.72%
Splinter Blast,47.44%,Cold Embrace,50.81%,1410,50.43%,1.33%
Winter Wyvern,48.46%,Winter's Curse,50.99%,1405,49.68%,-0.03%
Deluge,45.65%,Mirror Image,53.21%,1403,45.40%,-3.88%
Kazurai Katana,53.50%,Unknown Ability #1520,47.81%,1392,53.45%,2.87%
Phoenix,47.27%,Sun Ray,47.73%,1390,49.21%,1.71%
Press The Attack,50.51%,Duel,50.84%,1389,48.96%,-1.72%
Arena Of Blood,52.24%,God's Rebuke,50.17%,1388,53.46%,2.26%
Magic Missile,52.27%,Wave of Terror,49.08%,1387,49.10%,-1.55%
Mind Flare,47.90%,Spiked Carapace,53.92%,1373,49.38%,-1.44%
Chaos Bolt,52.55%,Phantasm,51.57%,1370,53.28%,1.23%
Tombstone,52.54%,Flesh Golem,52.17%,1360,51.10%,-1.25%
Searing Chains,50.34%,Fire Remnant,49.04%,1360,48.68%,-1.01%
Raptor Dance,47.62%,Unknown Ability #1517,45.27%,1354,42.39%,-4.04%
Keeper of the Light,47.42%,Voodoo Restoration,52.42%,1354,54.14%,4.28%
Moon Glaives,54.22%,Eclipse,47.93%,1351,49.00%,-1.98%
Oracle,49.69%,False Promise,50.64%,1349,51.74%,1.58%
Rolling Boulder,50.38%,Magnetize,48.27%,1348,51.71%,2.40%
Scorched Earth,49.95%,Infernal Blade,51.13%,1348,51.71%,1.17%
Soul Rip,47.62%,Tombstone,52.54%,1345,51.08%,1.06%
Hoof Stomp,52.90%,Stampede,50.96%,1336,52.17%,0.25%
Arc Lightning,50.51%,Lightning Bolt,51.57%,1334,49.70%,-1.33%
Sticky Bomb,49.38%,Reactive Tazer,51.30%,1330,51.28%,0.95%
Elder Titan,48.42%,Echo Stomp,46.84%,1323,46.94%,-0.68%
Whirling Axes (Melee),50.82%,Fervor,45.99%,1319,44.43%,-3.91%
Frost Blast,48.62%,Frost Shield,49.60%,1311,48.67%,-0.44%
Echo Slash,47.71%,Raptor Dance,47.62%,1309,45.15%,-2.52%
Visage,47.59%,Summon Familiars,46.67%,1302,43.47%,-3.66%
Kazurai Katana,53.50%,Raptor Dance,47.62%,1301,52.27%,1.79%
Bristleback,51.14%,Warpath,45.39%,1296,45.99%,-2.19%
Unknown Ability #1517,45.27%,Unknown Ability #1520,47.81%,1295,42.08%,-4.44%
Impale,52.23%,Spiked Carapace,53.92%,1294,55.56%,2.50%
Nothl Projection,42.90%,Shallow Grave,49.64%,1294,42.12%,-4.03%
Gunslinger,48.78%,Pierce the Veil,50.95%,1293,51.12%,1.26%
Split Shot,47.60%,Mystic Snake,48.48%,1288,51.40%,3.36%
Double Edge,49.67%,Stampede,50.96%,1286,48.91%,-1.40%
Ice Shards,49.90%,Snowball,52.04%,1279,51.37%,0.41%
Defense Matrix,47.26%,Laser,48.74%,1279,47.15%,-0.85%
Aftershock,56.51%,Death Pulse,48.01%,1272,61.95%,9.86%
Death Prophet,53.27%,Spirit Siphon,50.55%,1263,50.67%,-1.22%
Bodyguard,53.97%,Unleash,50.95%,1263,56.22%,3.78%
Teleportation,50.34%,Nature's Call,42.75%,1260,39.52%,-6.86%
Starbreaker,50.63%,Solar Guardian,52.71%,1259,52.82%,1.16%
Tether,53.00%,Spirits,54.26%,1258,57.07%,3.45%
Huskar,47.37%,Ball Lightning,51.99%,1240,49.52%,-0.11%
Dead Shot,49.46%,Gunslinger,48.78%,1238,47.33%,-1.79%
Void,47.15%,Crippling Fear,51.06%,1237,48.18%,-0.89%
Fiend's Gate,47.50%,Pit of Malice,53.38%,1237,50.93%,0.58%
Dissimilate,49.03%,Astral Step,54.82%,1236,50.73%,-1.12%
Time Zone,48.25%,Time Walk,53.91%,1233,52.72%,1.72%
Keeper of the Light,47.42%,Ball Lightning,51.99%,1230,52.20%,2.54%
Whirling Axes (Ranged),48.24%,Battle Trance,50.05%,1229,50.77%,1.64%
Naga Siren,51.55%,Song of the Siren,49.94%,1226,50.90%,0.16%
Liquid Frost,48.45%,Macropyre,49.60%,1218,47.13%,-1.89%
Storm Hammer,53.11%,God's Strength,48.95%,1216,49.84%,-1.15%
Corrosive Weaponry,48.50%,Unstable Concoction,48.90%,1215,46.17%,-2.53%
Gush,51.33%,Anchor Smash,50.37%,1215,49.22%,-1.63%
Avalanche,55.47%,Tree Grab,48.82%,1212,53.22%,1.18%
Leech Seed,49.05%,Overgrowth,51.56%,1211,48.80%,-1.48%
Arc Warden,49.20%,Spark Wraith,47.72%,1203,45.22%,-3.23%
Techies,54.03%,Inner Beast,48.62%,1201,56.95%,5.70%
Decay,50.96%,Soul Rip,47.62%,1199,48.37%,-0.88%
Meat Shield,48.18%,Meat Hook,51.36%,1193,49.62%,-0.12%
Vacuum,50.63%,Surge,50.25%,1185,51.39%,0.95%
Keeper of the Light,47.42%,Pulse Nova,50.19%,1183,44.29%,-4.49%
Mortimer Kisses,50.45%,Firesnap Cookie,49.67%,1170,53.42%,3.36%
Sniper,56.91%,Corrosive Weaponry,48.50%,1169,57.83%,5.29%
Whirling Axes (Melee),50.82%,Battle Trance,50.05%,1168,49.91%,-0.51%
Wraithfire Blast,49.96%,Bone Guard,47.45%,1167,48.41%,-0.27%
Dual Breath,47.97%,Liquid Fire,51.30%,1166,48.63%,-0.98%
Liquid Frost,48.45%,Dual Breath,47.97%,1159,46.25%,-1.96%
Grappling Claw,49.24%,Raptor Dance,47.62%,1158,48.36%,-0.07%
Chaos Bolt,52.55%,Reality Rift,50.23%,1156,53.11%,1.74%
Take Aim,45.00%,Assassinate,47.77%,1153,41.11%,-5.26%
Fiend's Gate,47.50%,Firestorm,52.28%,1153,52.99%,3.16%
Shrapnel,52.08%,Take Aim,45.00%,1149,47.87%,-0.54%
Searing Chains,50.34%,Flame Guard,48.27%,1149,48.83%,-0.47%
Storm Hammer,53.11%,Great Cleave,48.35%,1146,48.78%,-1.90%
Finger of Death,44.92%,Decrepify,47.64%,1134,42.15%,-4.11%
Medusa,56.90%,Arcane Aura,48.80%,1131,58.62%,5.93%
Penitence,46.91%,Hand of God,50.07%,1124,43.86%,-4.60%
Echo Slash,47.71%,Kazurai Katana,53.50%,1122,53.65%,3.13%
Malefice,51.10%,Demonic Summoning,46.17%,1114,48.11%,-0.46%
Thunder Clap,47.49%,Drunken Brawler,48.75%,1109,47.07%,-1.05%
Rubick,48.66%,Arcane Supremacy,50.88%,1107,51.22%,1.46%
Poison Attack,49.45%,Corrosive Skin,54.90%,1107,52.94%,0.84%
Jakiro,48.43%,Corrosive Weaponry,48.50%,1105,46.88%,-1.59%
Centaur Warrunner,53.01%,Dispersion,56.10%,1103,63.83%,9.29%
Trample,49.82%,Blade Fury,54.28%,1096,61.68%,9.67%
Arctic Burn,58.93%,Winter's Curse,50.99%,1096,59.49%,4.67%
Dark Willow,48.93%,Cursed Crown,47.97%,1087,45.45%,-3.00%
Naga Siren,51.55%,Juxtapose,52.78%,1081,54.76%,2.61%
Curse of Avernus,49.84%,Borrowed Time,57.02%,1081,58.37%,5.06%
Icarus Dive,49.53%,Supernova,51.35%,1080,51.57%,1.14%
Boundless Strike,50.24%,Jingu Mastery,45.48%,1078,50.56%,2.76%
Voodoo Restoration,52.42%,Maledict,49.68%,1073,52.75%,1.72%
Freezing Field,52.05%,Windrun,55.09%,1071,61.25%,7.71%
Boulder Smash,46.80%,Rolling Boulder,50.38%,1070,47.48%,-1.08%
Techies,54.03%,Strafe,47.24%,1070,54.11%,3.59%
Soul Assumption,48.33%,Gravekeeper's Cloak,50.05%,1068,47.19%,-1.99%
Trample,49.82%,Windrun,55.09%,1065,55.40%,3.01%
Summon Spirit Bear,44.73%,Savage Roar,48.54%,1063,46.47%,-0.12%
Techies,54.03%,Corrosive Weaponry,48.50%,1061,56.46%,5.27%
Infest,50.16%,Tether,53.00%,1057,66.32%,14.76%
Grave Chill,45.93%,Gravekeeper's Cloak,50.05%,1056,46.88%,-1.07%
Raptor Dance,47.62%,Unknown Ability #1519,48.39%,1054,43.55%,-4.46%
Shadow Word,49.10%,Upheaval,47.95%,1053,49.29%,0.77%
Sharpshooter,47.79%,Bushwhack,49.79%,1050,44.67%,-4.11%
Rupture,49.33%,Meat Hook,51.36%,1050,50.67%,0.33%
Disseminate,49.13%,Demonic Purge,50.12%,1045,50.62%,1.00%
Sniper,56.91%,Marksmanship,47.46%,1043,55.42%,3.44%
Techies,54.03%,Bloodrage,46.48%,1040,57.79%,7.67%
Living Armor,47.49%,Overgrowth,51.56%,1037,49.47%,-0.01%
Chaos Bolt,52.55%,Chaos Strike,48.79%,1035,51.21%,0.57%
Dragon Knight,57.42%,Corrosive Skin,54.90%,1033,65.34%,9.20%
Rearm,44.57%,Rocket Flare,47.32%,1033,40.85%,-5.07%
Jakiro,48.43%,Tar Bomb,49.85%,1031,52.28%,3.15%
Grappling Claw,49.24%,Unknown Ability #1517,45.27%,1029,45.77%,-1.44%
Aftershock,56.51%,Shadow Poison,45.51%,1025,54.15%,3.43%
Keeper of the Light,47.42%,Wild Axes,50.18%,1024,44.92%,-3.86%
Drinking Buddies,46.29%,Walrus PUNCH!,47.68%,1023,46.43%,-0.55%
Whirling Axes (Ranged),48.24%,Whirling Axes (Melee),50.82%,1014,49.51%,-0.00%
Dissimilate,49.03%,Aether Remnant,50.92%,1013,50.25%,0.28%
Rearm,44.57%,Nether Ward,52.64%,1012,59.68%,11.25%
Reflection,53.08%,Sunder,48.48%,1010,49.41%,-1.32%
Trample,49.82%,Shukuchi,57.68%,1004,59.16%,5.56%
Shadow Poison,45.51%,Demonic Purge,50.12%,1003,42.67%,-5.09%
Aftershock,56.51%,Shadowraze,47.30%,997,53.96%,2.26%
Ensnare,49.50%,Song of the Siren,49.94%,997,52.36%,2.64%
Voodoo Restoration,52.42%,Infest,50.16%,990,55.96%,4.68%
Fire Spirits,47.78%,Supernova,51.35%,989,51.37%,1.83%
Demonic Summoning,46.17%,Midnight Pulse,52.26%,988,46.96%,-2.16%
Echo Slash,47.71%,Grappling Claw,49.24%,987,48.43%,-0.04%
Blade Fury,54.28%,Healing Ward,51.86%,986,57.10%,4.04%
Frost Arrows,48.60%,Gust,50.18%,984,49.29%,-0.09%
Empower,53.43%,Skewer,50.68%,984,49.80%,-2.24%
Rolling Thunder,48.31%,Shield Crash,49.73%,981,48.32%,-0.70%
Echo Slash,47.71%,Unknown Ability #1519,48.39%,981,45.57%,-2.48%
Troll Warlord,45.31%,Essence Shift,50.56%,980,49.18%,1.32%
Centaur Warrunner,53.01%,Corrosive Skin,54.90%,979,58.63%,4.68%
Io,51.10%,Relocate,46.77%,975,48.62%,-0.27%
Earth Spirit,50.12%,Magnetize,48.27%,972,49.90%,0.71%
Monkey King,50.85%,Wukong's Command,51.88%,967,50.57%,-0.80%
Arctic Burn,58.93%,Splinter Blast,47.44%,964,54.67%,1.79%
Elder Titan,48.42%,Earth Splitter,48.55%,961,48.60%,0.11%
Trample,49.82%,Thirst,54.64%,961,59.00%,6.82%
Grappling Claw,49.24%,Kazurai Katana,53.50%,948,56.54%,5.22%
Grave Chill,45.93%,Summon Familiars,46.67%,948,45.25%,-1.04%
Cloak and Dagger,51.99%,Nether Blast,47.27%,946,50.32%,0.74%
Aftershock,56.51%,Nether Blast,47.27%,942,57.32%,5.64%
Sniper,56.91%,God's Strength,48.95%,940,59.04%,6.26%
Lunar Orbit,50.23%,Lucent Beam,48.71%,938,49.04%,-0.42%
Blade Fury,54.28%,Rot,51.45%,937,63.29%,10.44%
Windranger,49.24%,Bash of the Deep,51.09%,936,56.94%,6.78%
Overload,48.02%,Stifling Dagger,47.25%,936,45.30%,-2.34%
Rearm,44.57%,Fatal Bonds,48.93%,935,43.21%,-3.49%
Medusa,56.90%,Burning Spear,48.79%,933,67.42%,14.73%
Troll Warlord,45.31%,Bash of the Deep,51.09%,933,53.27%,5.15%
Soulbind,51.92%,Stroke of Fate,48.29%,932,55.04%,4.97%
Skywrath Mage,49.79%,Rearm,44.57%,929,49.52%,2.41%
Keeper of the Light,47.42%,Impetus,48.47%,929,49.73%,1.79%
Sniper,56.91%,Bodyguard,53.97%,927,66.99%,11.57%
Chaos Knight,48.87%,Juxtapose,52.78%,924,45.24%,-5.55%
Sniper,56.91%,Frost Arrows,48.60%,923,56.12%,3.53%
Techies,54.03%,Frost Arrows,48.60%,918,54.90%,3.66%
Savage Roar,48.54%,True Form,50.51%,915,51.26%,1.74%
Alchemist,48.36%,Wrath of Nature,49.30%,913,49.07%,0.24%
Slark,49.67%,Heartstopper Aura,51.38%,911,52.69%,2.17%
Desolate,51.91%,Dispersion,56.10%,911,55.65%,1.69%
Tether,53.00%,Relocate,46.77%,910,47.69%,-2.09%
Metamorphosis,48.61%,Sunder,48.48%,909,46.09%,-2.45%
Hammer of Purity,49.09%,Stifling Dagger,47.25%,908,50.33%,2.17%
Icarus Dive,49.53%,Fire Spirits,47.78%,907,54.02%,5.38%
Arc Warden,49.20%,Juxtapose,52.78%,904,52.77%,1.81%
Battery Assault,50.94%,Rocket Flare,47.32%,904,44.03%,-5.07%
Black Hole,51.41%,Vacuum,50.63%,902,52.77%,1.75%
Ice Path,52.50%,Liquid Fire,51.30%,901,49.72%,-2.18%
Slark,49.67%,Tether,53.00%,898,55.46%,4.15%
Fissure,51.03%,Rearm,44.57%,897,50.50%,2.81%
Alchemist,48.36%,Ion Shell,48.50%,897,47.60%,-0.83%
Reactive Tazer,51.30%,Proximity Mines,51.04%,896,51.56%,0.39%
Techies,54.03%,Bodyguard,53.97%,893,61.14%,7.14%
Aftershock,56.51%,Lightning Storm,47.75%,893,53.42%,1.47%
Echo Slash,47.71%,Unknown Ability #1520,47.81%,893,49.05%,1.29%
Grimstroke,49.75%,Phantom's Embrace,52.61%,893,53.30%,2.14%
Disseminate,49.13%,Disruption,54.36%,890,56.85%,5.17%
Aphotic Shield,50.97%,Curse of Avernus,49.84%,890,51.80%,1.39%
Drow Ranger,57.13%,Bodyguard,53.97%,890,67.53%,12.00%
Shadow Fiend,56.53%,Bodyguard,53.97%,888,59.91%,4.67%
Arc Warden,49.20%,Elder Dragon Form,48.01%,884,48.76%,0.16%
Tidebringer,51.09%,God's Strength,48.95%,883,52.55%,2.54%
Death Ward,51.60%,Penitence,46.91%,882,52.49%,3.30%
Dragon Knight,57.42%,Heartstopper Aura,51.38%,882,59.75%,5.43%
Mars,51.88%,Spear of Mars,51.63%,878,54.78%,3.03%
Skywrath Mage,49.79%,Frostbite,52.64%,876,52.74%,1.54%
Cloak and Dagger,51.99%,Upheaval,47.95%,875,46.74%,-3.19%
Arc Warden,49.20%,Bash of the Deep,51.09%,875,54.74%,4.61%
Dragon Knight,57.42%,Dispersion,56.10%,875,68.91%,12.16%
Jakiro,48.43%,Headshot,48.53%,874,44.39%,-4.09%
Thunder Clap,47.49%,Primal Split,51.36%,874,50.11%,0.73%
Huskar,47.37%,Death Pulse,48.01%,872,44.50%,-3.19%
Sniper,56.91%,Strafe,47.24%,870,57.59%,5.74%
Fortune's End,52.36%,False Promise,50.64%,870,53.91%,2.41%
Heartstopper Aura,51.38%,Infest,50.16%,869,64.90%,14.13%
Juggernaut,49.72%,Great Cleave,48.35%,869,50.75%,1.72%
Techies,54.03%,Meld,46.70%,867,53.40%,3.17%
Mind Flare,47.90%,Finger of Death,44.92%,866,45.03%,-1.35%
Rearm,44.57%,Shallow Grave,49.64%,866,47.23%,0.20%
Bramble Maze,52.56%,Shadow Realm,54.19%,863,52.49%,-0.88%
Keeper of the Light,47.42%,Blinding Light,46.78%,863,43.68%,-3.41%
Sacred Arrow,51.42%,Rearm,44.57%,862,53.83%,5.96%
Keeper of the Light,47.42%,Shadow Poison,45.51%,861,43.21%,-3.25%
Huskar,47.37%,Brain Sap,50.82%,860,53.37%,4.31%
Jakiro,48.43%,Burning Spear,48.79%,859,45.40%,-3.21%
Vengeful Spirit,48.54%,Bash of the Deep,51.09%,859,52.27%,2.47%
Overcharge,47.68%,Relocate,46.77%,858,45.22%,-2.00%
Terrorblade,51.36%,Tree Grab,48.82%,854,51.17%,1.10%
Strafe,47.24%,Bash of the Deep,51.09%,853,53.22%,4.10%
Shuriken Toss,46.19%,Aftershock,56.51%,853,56.51%,5.42%
Aftershock,56.51%,Shrapnel,52.08%,852,60.56%,6.31%
Monkey King,50.85%,Tree Grab,48.82%,852,51.41%,1.58%
Timber Chain,46.65%,Chakram,49.13%,851,44.07%,-3.81%
Focus Fire Facet,45.09%,Time Lock,47.76%,850,44.59%,-1.82%
Mirana,48.23%,Marksmanship,47.46%,850,41.29%,-6.55%
Techies,54.03%,Marksmanship,47.46%,850,52.47%,1.83%
Sniper,56.91%,Inner Beast,48.62%,850,58.24%,5.63%
Rot,51.45%,Infest,50.16%,849,66.08%,15.28%
Overload,48.02%,Arc Lightning,50.51%,849,54.42%,5.17%
Fortune's End,52.36%,Fate's Edict,49.15%,848,55.19%,4.46%
Techies,54.03%,Tar Bomb,49.85%,847,55.02%,3.12%
Aether Remnant,50.92%,Astral Step,54.82%,847,51.00%,-1.83%
Arctic Burn,58.93%,Cold Embrace,50.81%,846,60.05%,5.33%
Arc Warden,49.20%,Fury Swipes,53.13%,845,54.79%,3.66%
Blood Rite,50.20%,Rearm,44.57%,843,46.38%,-0.92%
Keeper of the Light,47.42%,Arcane Bolt,47.40%,841,43.76%,-3.65%
Centaur Warrunner,53.01%,Heartstopper Aura,51.38%,840,55.48%,3.28%
Shadow Fiend,56.53%,Nightmare,46.33%,838,53.82%,2.64%
Troll Warlord,45.31%,Fury Swipes,53.13%,837,51.73%,2.67%
Centaur Warrunner,53.01%,Kraken Shell,48.39%,837,52.09%,1.44%
Lone Druid,46.46%,Spirit Link,49.71%,835,45.51%,-2.55%
Centaur Warrunner,53.01%,Berserker's Blood,53.48%,833,59.78%,6.54%
Keeper of the Light,47.42%,Overload,48.02%,833,49.94%,2.22%
Arena Of Blood,52.24%,Spear of Mars,51.63%,832,55.77%,3.84%
Mirana,48.23%,Bash of the Deep,51.09%,832,52.40%,2.76%
Sanity's Eclipse,47.52%,Essence Flux,49.70%,829,50.90%,2.31%
Arc Warden,49.20%,Marksmanship,47.46%,828,48.55%,0.23%
Shadow Fiend,56.53%,Strafe,47.24%,828,55.43%,3.76%
Gravekeeper's Cloak,50.05%,Summon Familiars,46.67%,828,49.40%,1.07%
Mortal Strike,48.18%,Stifling Dagger,47.25%,828,48.19%,0.48%
Homing Missile,51.14%,Flak Cannon,54.17%,827,51.87%,-0.76%
Blade Fury,54.28%,Freezing Field,52.05%,827,59.85%,6.70%
Slark,49.67%,Cloak and Dagger,51.99%,826,58.84%,8.02%
Phantom Lancer,47.40%,Enchant Totem,46.34%,826,48.91%,2.05%
Grappling Claw,49.24%,Unknown Ability #1520,47.81%,824,45.87%,-2.64%
Phantasm,51.57%,Mirror Image,53.21%,824,53.76%,1.38%
Mist Coil,46.13%,Curse of Avernus,49.84%,824,47.33%,-0.62%
Juggernaut,49.72%,Tree Grab,48.82%,823,51.40%,2.13%
Midnight Pulse,52.26%,Rearm,44.57%,822,48.78%,0.52%
Keeper of the Light,47.42%,Poison Attack,49.45%,822,48.30%,-0.12%
Jingu Mastery,45.48%,Wukong's Command,51.88%,821,46.53%,-2.05%
The Calling,51.30%,Gunslinger,48.78%,821,50.55%,0.52%
Cold Embrace,50.81%,Winter's Curse,50.99%,821,49.94%,-0.96%
Techies,54.03%,Bloodlust,49.43%,817,56.30%,4.62%
Stinger,46.84%,Enchant Totem,46.34%,817,48.96%,2.37%
Dead Shot,49.46%,The Calling,51.30%,814,51.60%,1.23%
Assassinate,47.77%,Meld,46.70%,814,45.58%,-1.66%
Tinker,48.46%,Sacred Arrow,51.42%,813,55.72%,5.80%
Grappling Claw,49.24%,Unknown Ability #1519,48.39%,813,47.23%,-1.58%
Centaur Warrunner,53.01%,True Form,50.51%,812,54.43%,2.68%
Lifestealer,51.00%,Tree Grab,48.82%,812,52.71%,2.81%
Chen,47.07%,Impetus,48.47%,811,46.12%,-1.65%
Drow Ranger,57.13%,Corrosive Weaponry,48.50%,807,54.40%,1.76%
Lifestealer,51.00%,Great Cleave,48.35%,807,52.91%,3.25%
Treant Protector,53.38%,Enchant Totem,46.34%,806,59.55%,9.82%
Dawnbreaker,49.71%,Celestial Hammer,50.02%,804,43.16%,-6.71%
Fiery Soul,49.90%,Wave of Terror,49.08%,804,53.98%,4.49%
Arena Of Blood,52.24%,Bulwark,49.44%,803,53.92%,3.10%
Lone Druid,46.46%,Bash of the Deep,51.09%,803,48.32%,-0.40%
Enchant Totem,46.34%,Stifling Dagger,47.25%,802,39.53%,-7.27%
Io,51.10%,Infest,50.16%,802,59.60%,8.97%
Treant Protector,53.38%,Lunar Orbit,50.23%,802,61.10%,9.32%
Blade Fury,54.28%,Battery Assault,50.94%,801,59.30%,6.72%
Ignite,47.58%,Bloodlust,49.43%,800,47.62%,-0.87%
Ogre Magi,53.48%,Berserker's Blood,53.48%,799,56.82%,3.34%
Shadow Fiend,56.53%,Frost Arrows,48.60%,798,53.51%,1.09%
Rearm,44.57%,Shrapnel,52.08%,798,47.12%,-1.06%
Blink,53.51%,Slithereen Crush,50.71%,796,56.91%,4.82%
Freezing Field,52.05%,Shukuchi,57.68%,795,64.15%,9.36%
Arc Warden,49.20%,Psi Blades,50.15%,795,48.43%,-1.24%
Mirana,48.23%,Mana Break,47.41%,794,48.74%,0.92%
Sharpshooter,47.79%,Acorn Shot,47.91%,794,47.61%,-0.24%
Techies,54.03%,Incapacitating Bite,49.90%,794,53.53%,1.60%
Rearm,44.57%,Split Earth,49.43%,793,43.76%,-3.18%
Powershot,48.83%,Assassinate,47.77%,793,53.59%,5.30%
Stifling Dagger,47.25%,Wall of Replica,52.05%,793,52.21%,2.61%
Terrorblade,51.36%,Great Cleave,48.35%,792,51.52%,1.68%
Soul Rip,47.62%,Flesh Golem,52.17%,792,44.07%,-5.77%
Sniper,56.91%,Doppelganger,54.16%,791,63.08%,7.56%
Electric Vortex,50.05%,Black Hole,51.41%,790,52.03%,1.30%
Flame Guard,48.27%,Fire Remnant,49.04%,789,48.29%,-0.36%
Jakiro,48.43%,Frost Arrows,48.60%,789,46.77%,-1.74%
Rubick,48.66%,Laguna Blade,45.79%,788,46.83%,-0.38%
Nature's Prophet,52.53%,Meld,46.70%,788,52.28%,2.75%
Ember Spirit,48.86%,Sticky Napalm,47.00%,786,54.45%,6.53%
Aftershock,56.51%,Arcane Bolt,47.40%,786,60.31%,8.55%
Blink,53.51%,Ravage,52.78%,785,55.54%,2.40%
Sniper,56.91%,Tar Bomb,49.85%,785,61.15%,7.88%
Natural Order,54.94%,Earth Splitter,48.55%,785,51.59%,-0.05%
Sniper,56.91%,Incapacitating Bite,49.90%,782,62.66%,9.37%
Trample,49.82%,Enchant Totem,46.34%,782,53.07%,5.02%
Spirits,54.26%,Overcharge,47.68%,781,55.57%,4.71%
Brewmaster,49.82%,Tree Grab,48.82%,777,50.84%,1.52%
Alchemist,48.36%,Nethertoxin,48.65%,777,53.15%,4.65%
Sun Ray,47.73%,Supernova,51.35%,777,54.95%,5.45%
Mass Serpent Ward,49.56%,Vengeance Aura,55.04%,776,54.51%,2.28%
Clockwerk,50.68%,Corrosive Skin,54.90%,776,57.99%,5.24%
Clinkz,45.13%,Bash of the Deep,51.09%,775,52.52%,4.50%
Bounty Hunter,49.01%,Stifling Dagger,47.25%,774,48.19%,0.07%
Shadow Fiend,56.53%,Refraction,52.03%,774,59.17%,4.94%
Treant Protector,53.38%,Stinger,46.84%,773,53.95%,3.95%
Muerta,50.84%,Decrepify,47.64%,773,49.03%,-0.19%
Sniper,56.91%,Guardian Sprint,49.73%,773,58.99%,5.79%
Void Spirit,51.59%,Resonant Pulse,49.51%,772,51.55%,1.01%
Vengeance Aura,55.04%,Lucent Beam,48.71%,771,55.25%,3.48%
Astral Step,54.82%,Resonant Pulse,49.51%,768,51.82%,-0.28%
Conjure Image,50.08%,Sunder,48.48%,768,53.26%,3.98%
Skywrath Mage,49.79%,Magic Missile,52.27%,767,55.80%,4.78%
Burrowstrike,51.88%,Slithereen Crush,50.71%,767,51.37%,0.08%
Focus Fire Facet,45.09%,Headshot,48.53%,766,45.69%,-1.09%
Bloodrage,46.48%,Finger of Death,44.92%,765,41.31%,-4.39%
Spectral Blade,46.82%,Wraithfire Blast,49.96%,765,44.71%,-3.66%
Sniper,56.91%,Refraction,52.03%,765,62.09%,7.67%
Troll Warlord,45.31%,Time Lock,47.76%,764,49.87%,3.35%
Ravage,52.78%,Vengeance Aura,55.04%,763,60.94%,7.05%
Light Strike Array,52.19%,Cloak and Dagger,51.99%,763,56.49%,4.40%
Nature's Call,42.75%,Wrath of Nature,49.30%,760,42.50%,-3.40%
Lone Druid,46.46%,Fury Swipes,53.13%,760,55.00%,5.31%
Hoodwink,52.27%,Essence Shift,50.56%,760,56.45%,5.04%
Vengeance Aura,55.04%,Chaotic Offering,54.07%,756,72.35%,17.80%
Ravage,52.78%,Blink,55.16%,756,56.61%,2.65%
Dispose,48.77%,Unleash,50.95%,755,50.20%,0.35%
Light Strike Array,52.19%,Earth Spike,55.66%,755,59.60%,5.70%
Omnislash,48.66%,Great Cleave,48.35%,755,49.93%,1.43%
Pugna,52.40%,Shackles,51.39%,753,51.26%,-0.63%
Huskar,47.37%,Pulse Nova,50.19%,753,40.77%,-7.99%
Arc Warden,49.20%,Essence Shift,50.56%,753,51.66%,1.79%
The Calling,51.30%,Pierce the Veil,50.95%,752,49.60%,-1.52%
Aftershock,56.51%,Ice Vortex,50.41%,752,61.84%,8.46%
Enchant,47.49%,Nature's Attendants,52.70%,750,49.60%,-0.43%
Huskar,47.37%,Decay,50.96%,749,51.27%,2.14%
Razor,53.03%,Bash of the Deep,51.09%,749,58.61%,6.56%
Jakiro,48.43%,Poison Attack,49.45%,748,50.00%,1.06%
Storm Spirit,48.55%,Aftershock,56.51%,747,67.20%,14.82%
Viper,47.27%,Bash of the Deep,51.09%,747,50.74%,1.59%
Chen,47.07%,Holy Persuasion,45.03%,746,45.04%,-1.00%
Kazurai Katana,53.50%,Unknown Ability #1518,48.20%,746,52.28%,1.50%
Defense Matrix,47.26%,March of the Machines,45.07%,746,40.48%,-5.67%
Shadow Fiend,56.53%,Meld,46.70%,745,53.56%,2.17%
Lone Druid,46.46%,Infest,50.16%,744,47.72%,-0.56%
Tame the Beasts,48.58%,Cloak and Dagger,51.99%,743,50.87%,0.62%
Monkey King,50.85%,Great Cleave,48.35%,742,46.77%,-2.82%
Crystal Maiden,46.32%,Bash of the Deep,51.09%,742,45.28%,-3.37%
Techies,54.03%,Doppelganger,54.16%,742,57.68%,3.58%
Blink,53.51%,Black Hole,51.41%,742,53.23%,0.79%
Centaur Warrunner,53.01%,Counter Helix,53.38%,741,54.93%,1.73%
Rubick,48.66%,Assassinate,47.77%,741,48.72%,0.50%
Splinter Blast,47.44%,Winter's Curse,50.99%,740,43.78%,-5.40%
Corrosive Weaponry,48.50%,Juxtapose,52.78%,739,47.09%,-3.50%
Tar Bomb,49.85%,Fiery Soul,49.90%,739,47.23%,-2.65%
Finger of Death,44.92%,Laser,48.74%,739,46.68%,-0.11%
Power Cogs,49.66%,Rocket Flare,47.32%,739,46.68%,-1.79%
Crippling Fear,51.06%,Sticky Napalm,47.00%,738,60.03%,11.04%
Lunar Orbit,50.23%,Grow,47.15%,738,51.90%,3.23%
Juggernaut,49.72%,Phantom Rush,48.28%,738,50.68%,1.69%
Hoodwink,52.27%,Bash of the Deep,51.09%,738,52.85%,1.17%
Techies,54.03%,Headshot,48.53%,737,53.05%,1.84%
Centaur Warrunner,53.01%,Life Break,49.43%,737,56.04%,4.85%
Hoodwink,52.27%,Fury Swipes,53.13%,737,59.84%,7.14%
Arc Warden,49.20%,Arc Lightning,50.51%,736,53.12%,3.28%
Nature's Prophet,52.53%,Marksmanship,47.46%,735,48.84%,-1.09%
Aftershock,56.51%,Viscous Nasal Goo,46.47%,734,63.35%,12.11%
Aftershock,56.51%,Ball Lightning,51.99%,734,72.62%,18.41%
Windranger,49.24%,Mana Break,47.41%,732,50.96%,2.64%
Kraken Shell,48.39%,Corrosive Skin,54.90%,732,53.14%,1.60%
Tidehunter,55.01%,Corrosive Skin,54.90%,731,60.74%,5.78%
Tidehunter,55.01%,Uproar,53.10%,730,57.67%,3.62%
Sniper,56.91%,Bloodrage,46.48%,730,55.07%,3.63%
Arc Warden,49.20%,Mana Break,47.41%,729,48.70%,0.40%
Tar Bomb,49.85%,Focus Fire Facet,45.09%,729,43.21%,-4.20%
Aftershock,56.51%,Scream Of Pain,48.16%,728,59.48%,7.31%
Medusa,56.90%,Untouchable,50.33%,728,61.40%,7.89%
Rocket Barrage,50.09%,Flak Cannon,54.17%,726,50.00%,-2.09%
Tidehunter,55.01%,Grow,47.15%,725,54.62%,3.69%
Dazzle,48.66%,Bash of the Deep,51.09%,725,49.66%,-0.20%
Crystal Maiden,46.32%,Arc Lightning,50.51%,725,44.97%,-3.40%
Stifling Dagger,47.25%,Jinada,47.45%,724,45.17%,-2.19%
Magnus,49.30%,Blink,53.51%,724,50.41%,-0.95%
Shadow Fiend,56.53%,Bloodrage,46.48%,724,55.11%,3.85%
Arc Warden,49.20%,Time Lock,47.76%,723,46.89%,-1.58%
Techies,54.03%,Blast Off!,47.92%,723,48.27%,-2.61%
Troll Warlord,45.31%,Juxtapose,52.78%,722,53.46%,4.56%
Arc Warden,49.20%,Meld,46.70%,722,49.31%,1.37%
Muerta,50.84%,Ghost Shroud,49.73%,722,54.99%,4.70%
Voodoo Restoration,52.42%,Tether,53.00%,721,59.50%,6.79%
Dragon Knight,57.42%,Berserker's Blood,53.48%,721,67.27%,11.85%
Liquid Frost,48.45%,Ice Path,52.50%,721,48.96%,-1.47%
Mirana,48.23%,Juxtapose,52.78%,721,55.34%,4.89%
Ancient Apparition,47.96%,Impetus,48.47%,719,49.51%,1.30%
Ion Shell,48.50%,Sticky Napalm,47.00%,718,49.72%,1.98%
Mortal Strike,48.18%,God's Strength,48.95%,717,48.54%,-0.03%
Bloodrage,46.48%,Omnislash,48.66%,716,48.60%,1.05%
Primal Beast,51.92%,Rot,51.45%,716,53.49%,1.81%
Omnislash,48.66%,Tree Grab,48.82%,715,56.64%,7.90%
Mirana,48.23%,Time Lock,47.76%,715,49.37%,1.38%
Clockwerk,50.68%,Blade Fury,54.28%,715,60.56%,8.11%
Terrorblade,51.36%,Empower,53.43%,715,64.20%,11.81%
Strafe,47.24%,Omnislash,48.66%,714,42.44%,-5.50%
Dead Shot,49.46%,Pierce the Veil,50.95%,714,47.20%,-3.00%
Flux,49.54%,Magnetic Field,48.85%,714,49.16%,-0.03%
Drow Ranger,57.13%,Strafe,47.24%,714,54.48%,2.53%
Viper,47.27%,Juxtapose,52.78%,714,53.36%,3.41%
Enchant Totem,46.34%,God's Strength,48.95%,714,43.70%,-3.93%
Omniknight,53.73%,Rot,51.45%,714,54.76%,2.18%
Burrowstrike,51.88%,Ravage,52.78%,713,51.47%,-0.85%
Clockwerk,50.68%,Rot,51.45%,713,51.05%,-0.01%
Centaur Warrunner,53.01%,Gravekeeper's Cloak,50.05%,712,49.86%,-1.65%
Phoenix,47.27%,Heartstopper Aura,51.38%,712,50.14%,0.86%
Aftershock,56.51%,Rocket Barrage,50.09%,712,63.20%,10.00%
Torrent,50.99%,Frostbite,52.64%,712,55.06%,3.25%
Techies,54.03%,Drunken Brawler,48.75%,711,55.13%,3.81%
Juggernaut,49.72%,Phantom Strike,49.73%,711,52.32%,2.60%
Ogre Magi,53.48%,True Form,50.51%,710,57.18%,5.21%
Dragon Knight,57.42%,Kraken Shell,48.39%,710,53.10%,0.39%
Pulverize,50.88%,Blade Fury,54.28%,710,62.39%,9.84%
Lone Druid,46.46%,Essence Shift,50.56%,709,54.02%,5.55%
Rearm,44.57%,The Swarm,50.92%,709,44.29%,-3.35%
Blink,53.51%,Epicenter,48.91%,709,55.99%,4.83%
Jakiro,48.43%,Mana Break,47.41%,709,47.67%,-0.25%
Meepo,49.27%,Earthbind,45.75%,708,44.07%,-3.41%
Razor,53.03%,Juxtapose,52.78%,706,59.92%,7.01%
Sniper,56.91%,Heavenly Jump,50.09%,706,57.93%,4.54%
Omnislash,48.66%,Tricks of the Trade,46.06%,705,46.95%,-0.39%
Dispersion,56.10%,Earthshock,49.49%,704,61.08%,8.39%
Unknown Ability #1518,48.20%,Unknown Ability #1519,48.39%,704,50.57%,2.27%
Shukuchi,57.68%,Geminate Attack,46.31%,704,51.70%,0.02%
Frostbite,52.64%,Cold Feet,51.25%,704,52.41%,0.48%
Dragon Knight,57.42%,Counter Helix,53.38%,702,64.10%,8.74%
Battle Hunger,48.88%,Sticky Napalm,47.00%,702,47.44%,-0.50%
Jakiro,48.43%,Desolate,51.91%,702,59.26%,9.12%
Wraithfire Blast,49.96%,Cloak and Dagger,51.99%,702,52.85%,1.88%
Enchant Totem,46.34%,Grow,47.15%,700,54.71%,7.97%
Multishot,48.72%,Gust,50.18%,700,50.86%,1.41%
Fate's Edict,49.15%,Purifying Flames,46.75%,699,48.50%,0.56%
Centaur Warrunner,53.01%,Reincarnation,55.91%,697,58.54%,4.09%
Primal Beast,51.92%,Blade Fury,54.28%,697,63.41%,10.33%
Warlock,51.50%,Vengeance Aura,55.04%,697,68.58%,15.34%
Mars,51.88%,Grow,47.15%,697,55.24%,5.78%
Corrosive Weaponry,48.50%,Focus Fire Facet,45.09%,697,41.03%,-5.73%
Cloak and Dagger,51.99%,Rocket Barrage,50.09%,696,57.33%,6.30%
Cloak and Dagger,51.99%,Unstable Concoction,48.90%,696,53.30%,2.88%
Slithereen Crush,50.71%,Blink,55.16%,696,56.90%,4.01%
Viper,47.27%,Marksmanship,47.46%,694,41.35%,-6.01%
Queen of Pain,49.92%,Arc Lightning,50.51%,693,50.79%,0.58%
Rot,51.45%,Pulse Nova,50.19%,693,54.83%,4.02%
Centaur Warrunner,53.01%,Rot,51.45%,693,58.30%,6.07%
Vengeful Spirit,48.54%,Juxtapose,52.78%,693,54.98%,4.36%
Medusa,56.90%,Storm Surge,49.42%,692,58.24%,5.21%
Hoodwink,52.27%,Marksmanship,47.46%,692,46.39%,-3.42%
Tinker,48.46%,Fissure,51.03%,692,50.29%,0.56%
Rot,51.45%,Corrosive Skin,54.90%,692,58.96%,5.81%
Cloak and Dagger,51.99%,Venomous Gale,48.58%,691,48.77%,-1.49%
Unknown Ability #1517,45.27%,Unknown Ability #1518,48.20%,691,45.59%,-1.12%
Nightmare,46.33%,Focus Fire Facet,45.09%,691,41.82%,-3.88%
Fiery Soul,49.90%,Plasma Field,51.27%,690,58.41%,7.83%
Necrophos,46.34%,Pulse Nova,50.19%,690,54.64%,6.41%
Kraken Shell,48.39%,Dispersion,56.10%,690,53.77%,1.67%
Shadow Fiend,56.53%,Tar Bomb,49.85%,690,57.25%,4.16%
Pulverize,50.88%,Meat Hook,51.36%,688,51.89%,0.77%
Clockwerk,50.68%,Battle Hunger,48.88%,688,51.60%,1.82%
Techies,54.03%,Phase Shift,50.85%,688,50.29%,-2.12%
Dragon Knight,57.42%,Uproar,53.10%,687,63.32%,8.10%
Viper,47.27%,Mana Break,47.41%,686,48.83%,1.49%
Alchemist,48.36%,Great Cleave,48.35%,686,50.44%,2.08%
Shadow Demon,52.83%,Juxtapose,52.78%,685,61.31%,8.51%
Centaur Warrunner,53.01%,Eye of the Storm,48.76%,685,54.60%,3.76%
Stifling Dagger,47.25%,Meld,46.70%,685,44.38%,-2.60%
Windranger,49.24%,Arc Lightning,50.51%,685,50.36%,0.49%
Unknown Ability #1518,48.20%,Unknown Ability #1520,47.81%,684,48.39%,0.39%
Monkey King,50.85%,Phantom Strike,49.73%,684,54.09%,3.81%
Shadowraze,47.30%,Frostbite,52.64%,684,50.00%,0.10%
Techies,54.03%,Penitence,46.91%,684,51.61%,1.27%
Terrorblade,51.36%,Omnislash,48.66%,684,51.17%,1.18%
Corrosive Weaponry,48.50%,Marksmanship,47.46%,683,46.12%,-1.86%
Cloak and Dagger,51.99%,Ion Shell,48.50%,683,51.39%,1.18%
Tidehunter,55.01%,Dispersion,56.10%,683,61.49%,5.94%
Shadow Fiend,56.53%,Doppelganger,54.16%,683,59.15%,3.81%
Dark Seer,50.20%,Cloak and Dagger,51.99%,683,54.90%,3.82%
Bloodseeker,51.81%,Tree Grab,48.82%,682,53.52%,3.22%
Jakiro,48.43%,Inner Beast,48.62%,682,48.53%,0.01%
Cloak and Dagger,51.99%,Shadow Strike,47.67%,682,51.47%,1.68%
Medusa,56.90%,Mirror Image,53.21%,682,63.20%,8.17%
Finger of Death,44.92%,Gush,51.33%,682,48.09%,0.07%
Mars,51.88%,Corrosive Skin,54.90%,682,54.99%,1.62%
Boundless Strike,50.24%,Tree Dance,43.81%,681,45.67%,-1.25%
Snapfire,52.49%,Tar Bomb,49.85%,681,53.01%,1.86%
Cloak and Dagger,51.99%,Diabolic Edict,50.49%,680,56.18%,4.94%
Cloak and Dagger,51.99%,Battery Assault,50.94%,679,51.69%,0.23%
Lunar Orbit,50.23%,Eclipse,47.93%,679,47.13%,-1.94%
Grow,47.15%,Anchor Smash,50.37%,679,48.60%,-0.13%
Aftershock,56.51%,Crypt Swarm,48.80%,679,57.29%,4.78%
Mirana,48.23%,Corrosive Weaponry,48.50%,679,48.31%,-0.06%
Monkey King,50.85%,Empower,53.43%,678,59.00%,6.87%
Cloak and Dagger,51.99%,Split Earth,49.43%,677,53.47%,2.77%
Shackles,51.39%,Cloak and Dagger,51.99%,677,57.61%,5.92%
Mana Break,47.41%,Focus Fire Facet,45.09%,677,40.47%,-5.76%
Techies,54.03%,Refraction,52.03%,677,59.38%,6.36%
Clockwerk,50.68%,Counter Helix,53.38%,676,53.11%,1.09%
Ghoul Frenzy,50.69%,Omnislash,48.66%,676,52.51%,2.85%
Boundless Strike,50.24%,Wukong's Command,51.88%,676,51.04%,-0.02%
Shadow Fiend,56.53%,Corrosive Weaponry,48.50%,676,56.51%,4.15%
Disruption,54.36%,Shadow Poison,45.51%,676,48.37%,-1.37%
Huskar,47.37%,Life Drain,48.36%,675,47.41%,-0.45%
Hoodwink,52.27%,Psi Blades,50.15%,675,59.56%,8.36%
Techies,54.03%,God's Strength,48.95%,675,53.93%,2.50%
Ogre Magi,53.48%,Dispersion,56.10%,675,63.26%,8.48%
Gush,51.33%,Assassinate,47.77%,675,52.59%,3.07%
Batrider,53.71%,Burning Spear,48.79%,674,51.34%,0.15%
Grimstroke,49.75%,Magic Missile,52.27%,674,56.68%,5.68%
Nightmare,46.33%,Static Link,46.75%,674,42.43%,-4.11%
Invoker,43.77%,Glaives of Wisdom,50.38%,674,42.73%,-4.23%
Vengeance Aura,55.04%,Chain Frost,53.32%,673,60.18%,6.01%
Shadow Fiend,56.53%,Astral Spirit,50.07%,673,61.22%,8.01%
Tidebringer,51.09%,Grow,47.15%,672,52.38%,3.30%
Clockwerk,50.68%,Dispersion,56.10%,672,62.80%,9.47%
Oracle,49.69%,Assassinate,47.77%,671,49.63%,0.90%
Shadow Fiend,56.53%,Marksmanship,47.46%,671,52.16%,0.36%
Treant Protector,53.38%,Mortal Strike,48.18%,671,55.59%,4.88%
Aftershock,56.51%,Double Edge,49.67%,671,57.53%,4.55%
Astral Spirit,50.07%,Tidebringer,51.09%,670,48.36%,-2.22%
Timbersaw,49.51%,Aftershock,56.51%,670,59.25%,6.36%
Ogre Magi,53.48%,Life Break,49.43%,670,51.94%,0.53%
Sniper,56.91%,Multishot,48.72%,670,55.52%,2.86%
Viper,47.27%,Psi Blades,50.15%,670,49.55%,0.86%
Blink,53.51%,Freezing Field,52.05%,669,52.62%,-0.16%
Trample,49.82%,Surge,50.25%,669,50.67%,0.64%
Juggernaut,49.72%,Ghoul Frenzy,50.69%,668,53.44%,3.24%
Techies,54.03%,Heavenly Jump,50.09%,668,55.24%,3.22%
Moon Glaives,54.22%,Mirror Image,53.21%,668,61.68%,7.96%
Riki,47.23%,Tree Grab,48.82%,668,52.10%,4.08%
Eye of the Storm,48.76%,Windrun,55.09%,667,55.77%,3.95%
Grimstroke,49.75%,Frostbite,52.64%,667,55.92%,4.75%
Troll Warlord,45.31%,Psi Blades,50.15%,667,47.23%,-0.44%
Uproar,53.10%,Corrosive Skin,54.90%,666,60.21%,6.22%
God's Strength,48.95%,Tree Grab,48.82%,665,48.57%,-0.32%
Vengeance Aura,55.04%,Freezing Field,52.05%,665,64.36%,10.84%
Aftershock,56.51%,Shadow Strike,47.67%,664,56.33%,4.43%
Dazzle,48.66%,Poison Attack,49.45%,664,46.69%,-2.36%
Stifling Dagger,47.25%,Infernal Blade,51.13%,664,54.22%,5.07%
Treant Protector,53.38%,Assassinate,47.77%,664,54.37%,3.87%
Arc Warden,49.20%,Moon Glaives,54.22%,664,52.26%,0.61%
Centaur Warrunner,53.01%,Berserker's Call,53.41%,663,56.86%,3.65%
Nature's Grasp,49.77%,Leech Seed,49.05%,663,50.23%,0.82%
Dream Coil,49.20%,Arc Lightning,50.51%,663,50.68%,0.83%
Hoodwink,52.27%,Mana Break,47.41%,662,49.24%,-0.54%
Electric Vortex,50.05%,Freezing Field,52.05%,662,54.98%,3.95%
Nature's Prophet,52.53%,Tar Bomb,49.85%,662,52.42%,1.25%
Overload,48.02%,Sticky Napalm,47.00%,662,47.89%,0.38%
Dispersion,56.10%,True Form,50.51%,662,60.88%,7.64%
Pulverize,50.88%,Blink,53.51%,662,55.14%,2.96%
